name;last_name;serial_number;country;departure_date;departure_time
Erin;Aguilar;FL5855;Argentina;2024-06-30;2:51:06
Miranda;Bruce;FL1006;Germany;2024-11-11;12:41:53
Sarah;Thomas;FL1269;United States;2023-09-10;7:04:30
Jeffrey;Rivera;FL4511;Canada;2024-11-30;4:30:43
Matthew;Cameron;FL3880;Argentina;2024-05-03;18:20:15
Becky;Miller;FL1908;Japan;2025-04-29;23:22:38
Sandra;Sims;FL7625;Russia;2025-03-29;1:53:25
Lisa;Christensen;FL4623;Mexico;2024-04-09;6:15:05
Kimberly;Villegas;FL5744;China;2024-01-06;7:55:04
Adrienne;Bell;FL7936;Brazil;2024-01-10;19:50:20
Terry;Obrien;FL4720;Argentina;2024-10-25;18:14:50
Deanna;Johnson;FL2037;Mexico;2025-01-22;2:17:57
Martin;Hamilton;FL9650;Argentina;2023-12-28;20:34:34
James;Peterson;FL5152;Japan;2025-06-29;19:36:43
Megan;Richardson;FL5177;Russia;2025-01-08;22:04:12
Matthew;Rocha;FL8956;Argentina;2024-12-17;20:38:10
Amber;Roberson;FL4656;Argentina;2024-02-19;6:02:52
Stephen;Martinez;FL6759;China;2025-01-20;20:40:03
Hector;Esparza;FL9229;Canada;2025-03-30;21:15:08
Jill;Gonzalez;FL4193;Canada;2024-10-17;18:53:25
Catherine;Mccall;FL5422;India;2024-10-06;3:38:18
Catherine;Mora;FL5734;Canada;2025-08-16;15:13:43
Max;Pineda;FL6332;Russia;2024-03-04;14:35:43
Michael;Smith;FL7123;United States;2023-10-30;6:15:54
Joseph;Maddox;FL6064;Russia;2023-08-31;21:33:21
Haley;Wright;FL1027;Mexico;2023-10-15;23:45:19
Alan;Lopez;FL4103;Brazil;2025-06-12;4:51:33
Randy;Hunt;FL6759;Argentina;2024-05-18;2:19:27
Cheryl;Sanchez;FL1627;Russia;2024-07-16;4:16:31
Henry;Little;FL7464;Argentina;2025-01-24;16:43:09
Michael;Adams;FL5472;Mexico;2025-05-05;14:10:45
Kelsey;Wallace;FL8626;Germany;2025-07-16;0:24:54
Aaron;Yang;FL6760;Argentina;2024-11-01;9:09:38
Jessica;Vance;FL1445;Japan;2024-07-03;2:27:38
Amber;Mcclain;FL1170;United States;2024-02-03;16:49:06
Alexander;Smith;FL8223;Canada;2023-10-24;8:54:34
Scott;Johnson;FL8534;Japan;2025-07-11;22:42:20
Dillon;Becker;FL2518;Canada;2023-09-12;1:51:48
Karen;Warren;FL8850;Russia;2024-12-12;23:24:28
Shawn;Ibarra;FL7964;Argentina;2024-01-23;9:31:41
Jeffrey;Fowler;FL8798;United States;2024-11-27;21:28:21
Derek;Gomez;FL2617;Japan;2024-12-30;3:08:12
Mark;Martin;FL4584;Germany;2025-06-08;6:39:56
Larry;Cook;FL9481;Japan;2024-01-12;1:48:47
Jeffery;Sanders;FL7466;Brazil;2025-06-19;21:54:57
Jason;Orr;FL3346;China;2025-05-15;23:39:24
Jason;Swanson;FL5171;Brazil;2024-03-31;10:05:27
Michael;Chavez;FL2968;United States;2024-08-09;2:42:35
Anne;Powell;FL9051;Argentina;2024-07-13;7:13:02
Andrew;Byrd;FL1702;Japan;2025-03-16;0:39:33
Michael;Brewer;FL9686;India;2025-06-05;23:59:34
Megan;Cunningham;FL7550;Canada;2023-11-04;19:22:27
James;Hendricks;FL5958;United States;2024-01-27;12:22:56
Cheryl;Black;FL8229;Germany;2024-12-21;21:13:02
Nicholas;Lang;FL9866;Mexico;2023-11-12;6:32:43
Jennifer;Hammond;FL8984;Argentina;2025-07-25;9:50:18
Eugene;Koch;FL4916;United States;2024-09-27;12:10:42
Shane;Johnson;FL5830;Germany;2024-02-16;22:47:58
Raymond;Richard;FL1928;Mexico;2025-02-18;6:04:28
Hector;Hickman;FL3393;Brazil;2025-06-12;8:10:44
Andrea;Nicholson;FL6334;Argentina;2024-03-06;9:55:22
Jason;Torres;FL5701;Argentina;2025-06-19;8:34:29
Wayne;Chandler;FL8585;Canada;2025-06-28;19:49:48
Rachel;Lara;FL3312;Mexico;2023-08-23;10:42:26
Mario;Odom;FL8292;China;2024-04-29;2:11:46
Mitchell;Freeman;FL1447;Brazil;2024-01-27;10:53:49
Denise;Torres;FL8574;Argentina;2024-05-26;19:23:40
Kevin;Roberts;FL9940;Argentina;2024-07-29;1:35:13
Wesley;Ward;FL7467;Argentina;2024-10-06;8:41:34
Darren;Bridges;FL3373;Argentina;2024-04-26;20:01:35
Joyce;Cunningham;FL6241;Russia;2025-02-07;12:19:55
Amanda;Howard;FL8678;Brazil;2024-01-25;21:28:46
Catherine;Francis;FL5770;Japan;2025-03-30;11:45:07
Taylor;Torres;FL4926;Mexico;2024-05-27;23:21:07
Corey;Martin;FL4674;Mexico;2024-04-28;20:18:42
Stephanie;Peterson;FL3092;Japan;2024-05-08;12:47:36
Michael;Yang;FL6899;Germany;2025-05-08;11:14:03
James;Miller;FL6103;Argentina;2024-04-15;12:49:25
Michael;Petty;FL7696;Russia;2024-10-16;19:22:01
Laura;Vargas;FL8010;India;2024-07-20;1:03:31
Brandon;Pearson;FL8115;India;2024-06-20;20:27:50
Pamela;Smith;FL3618;Russia;2024-04-20;11:17:44
Sandra;Jennings;FL2766;Brazil;2024-05-24;23:20:00
Pamela;David;FL8854;Argentina;2024-04-19;6:34:35
Abigail;Williams;FL1171;Russia;2025-07-31;7:46:11
Thomas;Rhodes;FL5689;China;2024-11-28;15:07:12
Olivia;Robinson;FL9835;China;2024-03-02;9:13:43
Scott;Murray;FL5355;China;2025-07-24;11:11:14
Philip;Brown;FL5867;India;2023-09-27;21:43:28
Kevin;Davis;FL8811;Argentina;2025-06-18;6:30:15
Emily;Kane;FL9207;Argentina;2024-11-13;16:25:39
Paul;Fischer;FL5471;Germany;2025-01-21;3:44:47
Amanda;Harmon;FL6663;Brazil;2024-09-08;20:28:31
Andrew;Brown;FL5181;Germany;2024-05-18;2:17:43
Michelle;Rodriguez;FL9729;Mexico;2025-07-18;10:12:20
Charles;Hartman;FL4783;United States;2025-02-09;23:33:02
Amy;Mills;FL7913;China;2024-09-06;18:35:55
Michael;Torres;FL8908;Mexico;2024-12-23;20:25:39
Amy;Santana;FL8525;Japan;2024-01-30;11:47:41
Natalie;Robles;FL8685;United States;2024-09-17;20:41:05
Tracy;Perez;FL2290;Germany;2024-03-26;10:32:28
Michael;Hernandez;FL7302;Argentina;2024-03-18;21:00:54
Michael;Gonzalez;FL3420;Russia;2024-07-10;0:24:51
Nicole;Pugh;FL4646;China;2024-11-13;22:48:01
David;Cox;FL9431;United States;2024-02-06;16:19:42
Daniel;Howard;FL6503;United States;2024-08-28;3:26:11
Sabrina;Johnson;FL9616;United States;2023-12-07;3:29:09
Chelsea;Cook;FL9119;Germany;2025-03-04;11:41:07
Colin;Bennett;FL4790;Argentina;2025-07-02;12:52:27
Logan;Macdonald;FL1901;India;2024-05-01;6:58:42
Cody;Espinoza;FL3603;Brazil;2024-11-17;14:02:57
Nicole;George;FL8193;Brazil;2025-07-19;1:03:22
Kimberly;Kennedy;FL9885;Mexico;2024-08-22;11:59:38
Mark;Russell;FL3686;Brazil;2025-06-13;20:19:56
Andrew;Durham;FL7228;India;2023-11-12;20:06:24
Barbara;Wilson;FL9563;Argentina;2024-06-06;11:05:53
Benjamin;Meadows;FL2725;India;2024-07-27;18:35:29
Judith;Neal;FL5518;United States;2025-07-11;16:42:59
Kyle;Campbell;FL9229;Japan;2024-08-19;6:21:08
Kathy;Roth;FL3068;Russia;2024-12-19;6:52:59
Mallory;Foster;FL2312;Russia;2025-04-19;7:02:47
Kristy;Hoover;FL9534;Japan;2024-11-04;11:53:58
Tanya;Reynolds;FL2320;China;2025-07-24;16:57:13
Brandy;Holmes;FL5574;Mexico;2025-08-01;11:37:34
Sherry;Torres;FL2966;Russia;2024-12-23;10:20:46
Sean;Hill;FL2565;Japan;2025-05-23;3:59:50
Chelsea;Brown;FL8890;Mexico;2025-03-12;8:35:26
Taylor;Dixon;FL1683;Russia;2025-07-02;9:36:11
Kari;Mcknight;FL3656;Japan;2024-03-28;13:17:38
Jason;Crawford;FL4820;Germany;2024-01-25;13:38:48
Robin;Taylor;FL1646;Germany;2024-05-09;7:33:22
Laura;Peterson;FL4150;Japan;2025-04-02;15:29:41
Kenneth;Berry;FL9799;Japan;2024-03-22;9:31:21
Courtney;Cruz;FL1040;Brazil;2024-06-23;7:11:43
Christine;Todd;FL8847;Argentina;2025-08-15;13:53:26
Carl;Jenkins;FL6824;United States;2025-01-17;15:07:59
Emily;Kane;FL7995;Russia;2025-07-10;13:22:35
Jonathan;Blair;FL8340;Russia;2024-06-18;20:52:30
Thomas;Conner;FL9764;Russia;2025-02-11;22:41:26
Lauren;King;FL7628;Russia;2024-05-13;1:13:58
Jon;Davis;FL9035;Russia;2024-07-24;5:55:49
Daniel;Blair;FL6984;United States;2023-09-15;18:57:54
Michael;Gordon;FL1282;China;2025-01-26;16:00:51
Sharon;Roberts;FL2966;Japan;2025-06-13;18:42:51
Ana;Tucker;FL5994;United States;2024-04-11;10:27:10
Roy;Price;FL9592;United States;2025-01-28;20:57:05
Keith;Ortega;FL5225;Mexico;2024-05-23;21:59:54
Alexis;Norman;FL4769;Mexico;2025-02-25;23:45:32
Nicole;Evans;FL5323;Argentina;2025-07-05;11:44:33
Theresa;Bass;FL1056;United States;2024-09-28;2:24:58
Vanessa;Lucero;FL3233;Germany;2023-09-26;1:18:19
Colleen;Davis;FL9251;India;2023-11-16;7:04:53
Shelby;Kelley;FL5224;United States;2024-11-14;10:17:26
Stephanie;Riley;FL4336;Canada;2025-04-13;23:23:02
Heather;Reed;FL2712;India;2024-11-22;11:33:51
Andrew;Meyer;FL1360;China;2023-11-16;3:22:42
Matthew;Arellano;FL8135;Brazil;2025-05-11;2:59:09
Megan;Nguyen;FL3895;India;2024-01-23;2:53:48
Monica;Snyder;FL9310;India;2024-09-21;10:35:33
Melissa;Murphy;FL9766;Germany;2024-04-24;12:50:16
Melissa;Davis;FL2111;United States;2024-07-04;23:49:29
Melissa;Turner;FL8627;United States;2025-02-26;13:10:01
Courtney;Gomez;FL2300;Mexico;2024-09-04;15:08:00
Nathan;Ortiz;FL3814;China;2024-03-03;22:22:41
Caleb;Adams;FL1845;Japan;2023-12-26;23:43:47
Michelle;Cuevas;FL6993;Russia;2023-08-24;17:43:24
Chase;Carr;FL7177;Brazil;2024-01-18;5:26:19
Jonathan;Richardson;FL9041;Canada;2023-11-23;20:54:39
Andrew;Moran;FL7732;Japan;2024-02-15;12:50:06
Brent;Scott;FL7875;China;2024-01-16;11:30:22
Justin;Garcia;FL4367;Japan;2023-09-11;3:10:36
Shannon;Mcguire;FL7037;Germany;2024-07-23;20:44:21
Lauren;Powell;FL8968;Argentina;2024-10-20;19:35:20
Kimberly;Lopez;FL5207;Japan;2024-04-18;16:31:34
Douglas;Sanford;FL2283;Brazil;2025-05-04;14:22:31
Meredith;Gonzalez;FL8002;India;2024-01-15;4:04:10
Michael;May;FL9664;China;2023-08-20;8:06:35
Jasmine;Mcdowell;FL5093;Germany;2024-06-25;23:12:24
Andrew;Smith;FL2922;Mexico;2024-01-19;6:57:19
Michael;Reed;FL8201;Canada;2025-01-09;8:41:51
Laurie;Williams;FL9274;Mexico;2025-02-27;8:59:39
Bobby;Chambers;FL1399;Japan;2024-06-23;1:11:52
Timothy;Colon;FL2605;Argentina;2024-06-11;23:09:27
Anne;Thomas;FL5268;Russia;2025-07-04;1:22:12
Christopher;Nixon;FL1129;China;2023-10-03;23:46:42
Dana;Smith;FL4274;India;2025-02-06;20:54:11
James;Snyder;FL4700;Mexico;2025-06-12;6:57:07
Justin;Silva;FL9433;Japan;2024-06-28;18:59:38
Keith;Velez;FL5307;India;2023-12-22;3:39:25
Rebecca;Williams;FL2707;Mexico;2024-04-18;6:37:30
Jerry;Flynn;FL6667;Argentina;2025-08-07;12:22:00
Stacey;Martin;FL3905;Russia;2025-04-04;0:48:24
Emily;Torres;FL7293;Russia;2024-05-18;12:50:29
Albert;Owens;FL2011;Japan;2024-09-16;2:39:05
Vicki;Robinson;FL5248;Brazil;2024-09-16;7:42:36
Heather;Underwood;FL2486;Argentina;2024-09-20;5:23:26
Jason;Henderson;FL5443;China;2024-11-16;7:15:08
Shelly;Conner;FL4934;Russia;2025-07-20;6:42:38
Michael;Schultz;FL7297;Germany;2023-10-20;20:53:44
Sheri;Brooks;FL3938;China;2025-05-24;2:02:06
Alexander;Brown;FL6710;Japan;2025-07-30;9:57:46
Rebecca;Butler;FL8434;Brazil;2025-03-19;16:59:27
Jennifer;Davis;FL7845;Mexico;2024-02-13;6:39:05
Jay;Harper;FL6443;United States;2023-09-12;13:49:55
Timothy;Miller;FL4741;China;2023-08-25;6:49:26
Jacob;Smith;FL1646;Germany;2023-09-22;12:56:01
Michelle;Fisher;FL1328;Mexico;2025-08-17;8:20:24
Katherine;Duran;FL2204;Mexico;2024-07-12;5:33:03
Joseph;Gonzalez;FL6621;China;2024-01-01;12:13:09
Brandon;Cardenas;FL9345;Brazil;2025-05-01;17:52:20
Caroline;Butler;FL2327;China;2023-09-12;21:47:58
Jacob;Roberts;FL8219;Russia;2024-04-11;17:19:09
Christina;Williams;FL5835;Brazil;2025-07-04;11:42:03
Taylor;Brown;FL5886;United States;2024-05-05;2:36:11
Scott;Hill;FL2733;United States;2024-08-05;0:30:35
Amy;Bush;FL1475;Brazil;2024-09-29;19:15:20
Daniel;Cox;FL2891;Mexico;2025-07-29;13:58:43
Shannon;Parker;FL3145;India;2023-12-13;2:22:31
Courtney;Mendoza;FL1232;China;2025-02-06;18:02:43
Sharon;Bennett;FL5517;Argentina;2023-12-03;9:05:24
Melissa;Ortiz;FL9394;Brazil;2024-04-01;20:57:12
James;Wong;FL5911;Russia;2023-12-02;17:20:24
Anita;Bailey;FL2546;Russia;2024-06-08;12:33:49
Tiffany;Mooney;FL9305;Mexico;2024-07-09;19:43:55
Jonathan;Ray;FL4036;Mexico;2023-08-19;12:47:32
Lisa;Lucas;FL3124;Brazil;2024-11-12;8:44:43
Patrick;Reed;FL1270;China;2025-05-25;8:42:11
Cory;Nguyen;FL8437;Russia;2025-07-25;18:23:22
Evan;Hicks;FL9776;Germany;2024-08-14;20:36:21
Lauren;Cruz;FL9266;India;2025-07-02;21:32:56
Maureen;Meyers;FL1619;Mexico;2024-01-26;21:56:37
Christine;Hughes;FL4713;Russia;2024-01-21;4:37:34
Nicholas;Johnson;FL5071;Japan;2023-10-22;6:28:35
Michelle;Gonzalez;FL9389;United States;2024-07-31;20:52:48
Diana;Lloyd;FL9913;Germany;2024-05-06;9:19:12
Shelby;Calhoun;FL2785;India;2024-03-14;12:36:37
Erika;Ramirez;FL9040;Mexico;2025-05-26;17:11:41
Jose;Knight;FL6915;Japan;2024-12-02;11:29:40
Aaron;Conner;FL8751;China;2025-01-13;16:17:37
Sara;Baker;FL7128;Japan;2023-12-30;11:23:44
Lisa;Harris;FL9910;Canada;2024-07-17;6:34:02
Suzanne;Horton;FL6832;Germany;2024-06-08;13:56:03
Jerome;Rivas;FL8961;United States;2024-07-28;20:10:05
Lori;Moreno;FL8847;Japan;2024-12-18;11:00:24
Robert;Rodriguez;FL8513;Germany;2024-07-08;11:09:15
Johnny;Williams;FL5184;Brazil;2024-08-21;0:24:33
Lonnie;Davila;FL2988;China;2025-06-15;6:37:37
Jaclyn;Thompson;FL7777;Russia;2024-02-02;20:42:26
John;Hansen;FL3664;Argentina;2025-03-31;15:54:35
Bonnie;Bowers;FL3619;India;2024-04-09;3:19:55
James;Lindsey;FL6657;Argentina;2024-06-02;23:50:47
Breanna;Salazar;FL1445;United States;2023-10-23;4:52:55
Billy;Mays;FL3285;Germany;2024-02-09;17:34:10
Anne;Gordon;FL7975;Japan;2025-04-06;0:28:28
Laurie;Clayton;FL3587;Argentina;2025-03-07;18:55:25
Kevin;Barrera;FL3258;United States;2025-04-21;5:02:57
Levi;Watson;FL8447;Canada;2023-09-08;8:04:00
Amy;Mercer;FL7496;China;2024-02-25;8:29:40
Marie;Mullins;FL1005;Japan;2025-07-28;13:14:43
Jonathan;Russell;FL3836;Argentina;2025-08-15;17:16:33
Jennifer;Smith;FL7253;India;2024-02-25;8:38:51
Courtney;Lopez;FL6344;Mexico;2024-06-27;22:11:30
Jon;Wolfe;FL9159;Mexico;2024-01-08;9:15:04
Sara;Martinez;FL5034;Mexico;2023-12-16;16:10:26
Jason;Pearson;FL2365;Mexico;2025-02-01;6:07:08
Michael;Jones;FL7114;Germany;2024-06-10;13:54:45
Danielle;Lewis;FL3804;Canada;2024-10-19;11:42:56
Austin;Lang;FL8271;Russia;2024-05-25;2:41:44
Alexis;Mccormick;FL4178;India;2024-02-06;23:49:30
Michelle;Parker;FL8388;Mexico;2024-04-15;2:54:40
Andrea;Simmons;FL2635;China;2024-08-31;15:54:49
Caleb;Gardner;FL4089;Russia;2023-11-15;13:16:52
Susan;Moore;FL4089;China;2025-04-13;15:30:14
Ryan;Krueger;FL2795;China;2025-02-16;15:05:54
Jeffery;Mahoney;FL8223;United States;2025-05-05;6:48:45
Mark;Burgess;FL8808;United States;2025-06-03;19:03:15
Kenneth;Parker;FL7752;Germany;2024-08-27;22:12:33
Janice;Jones;FL5257;Mexico;2023-10-09;5:33:02
Colin;Williams;FL7604;Japan;2025-08-07;7:06:48
Phillip;Mcintyre;FL7564;Mexico;2024-06-13;8:29:00
Dale;Johnson;FL5367;United States;2024-12-23;17:45:40
Katherine;Sanchez;FL3617;China;2024-10-13;21:08:53
Matthew;Ewing;FL7933;Russia;2025-08-12;16:52:41
Amy;Henry;FL7033;Brazil;2024-06-01;7:36:28
Tammie;Morris;FL3985;United States;2024-03-21;2:36:17
Angela;Reynolds;FL3961;Argentina;2023-11-10;19:52:51
Scott;Jenkins;FL9597;Mexico;2024-11-14;16:53:13
Gina;Keller;FL7905;Canada;2024-05-08;21:50:43
Gregory;Dudley;FL7658;Russia;2025-07-05;18:40:32
Emily;Hinton;FL2325;Russia;2025-07-26;13:20:55
Rebecca;Bolton;FL6209;Japan;2025-07-03;11:33:46
Angela;Mcintosh;FL8297;Mexico;2023-12-12;9:35:13
Matthew;Maddox;FL5167;Russia;2024-08-08;5:39:47
Steven;Dickerson;FL4704;China;2024-01-25;0:31:12
Tiffany;Keller;FL4799;China;2024-02-27;1:35:13
Maria;Rios;FL3873;Brazil;2023-08-21;2:28:22
Robert;Young;FL7539;Japan;2023-11-05;12:45:22
Danielle;Mack;FL2878;Russia;2023-09-11;21:51:10
Linda;Murray;FL8891;Germany;2024-01-12;2:03:03
Angela;Gonzalez;FL6736;Russia;2024-05-23;23:05:15
Shawn;Bishop;FL5772;Russia;2024-01-25;17:00:38
Brandy;Tapia;FL4380;India;2024-01-26;18:36:11
Angel;Jacobson;FL6133;China;2024-05-06;3:04:59
Pamela;Rhodes;FL8205;Japan;2025-02-12;21:25:50
Jeffrey;Hartman;FL3679;Brazil;2024-09-25;9:55:17
David;Cruz;FL9225;China;2024-05-04;23:12:35
John;Page;FL2888;Japan;2025-04-17;8:13:36
Christopher;Crosby;FL6617;Mexico;2024-07-09;19:20:33
Kathleen;Reynolds;FL5184;Brazil;2024-10-21;16:45:18
Nicholas;Contreras;FL4679;Brazil;2023-11-17;4:25:55
Kevin;Powers;FL6697;Japan;2024-01-14;18:31:29
Mark;Colon;FL1127;Argentina;2024-10-12;15:17:04
Katherine;Nguyen;FL2862;Mexico;2024-01-15;10:48:44
Helen;Smith;FL8446;Japan;2025-05-16;13:28:34
John;Allen;FL4383;China;2025-02-17;4:16:24
Dustin;Adams;FL5490;Argentina;2024-07-19;22:57:56
Pamela;Powell;FL6822;Argentina;2024-03-09;22:13:39
Barbara;Mitchell;FL1328;Russia;2023-08-30;5:53:25
Sean;Lopez;FL9115;Argentina;2025-02-08;1:58:39
Erika;Dunn;FL2857;Argentina;2023-08-25;1:03:33
Jennifer;Conway;FL7639;United States;2024-09-19;7:59:02
Michael;Graham;FL1372;Argentina;2023-11-26;11:20:04
Jennifer;Calhoun;FL3993;India;2025-01-31;17:32:52
Andrew;Smith;FL1358;Canada;2025-04-18;8:19:02
Amber;Perry;FL6566;Argentina;2025-04-04;22:51:41
Jerry;Mckay;FL9559;United States;2024-09-22;21:46:24
Timothy;White;FL3721;United States;2024-10-17;17:34:10
Yvonne;Ramos;FL1687;United States;2024-12-22;21:08:45
Tina;Brandt;FL5359;Mexico;2025-05-02;12:07:09
Gabriela;Guerrero;FL5629;Japan;2024-06-25;8:57:01
Ann;Cook;FL1077;China;2024-01-23;13:36:24
Andre;Jones;FL5334;India;2024-10-08;20:41:51
Victoria;Garrison;FL7441;Germany;2024-10-31;9:01:29
Brandon;Glass;FL9674;China;2024-11-27;20:12:54
Terri;Sawyer;FL5950;Russia;2024-05-04;6:54:03
Gina;Davis;FL5371;United States;2024-10-20;13:05:40
Carol;Williams;FL8440;Canada;2024-12-09;16:14:06
Evan;Ruiz;FL3501;Japan;2025-01-20;20:46:00
Michelle;Henderson;FL3425;India;2025-07-22;4:35:59
Rachel;Sullivan;FL1363;Russia;2025-06-23;10:42:05
Amy;Chambers;FL4906;Brazil;2024-09-12;15:39:38
Eddie;Taylor;FL9320;Canada;2024-09-03;21:57:37
Phillip;Dennis;FL7448;Brazil;2024-01-30;6:25:32
Michelle;Nichols;FL1204;Argentina;2025-07-14;10:10:51
Jason;Jones;FL1028;India;2025-03-28;16:20:01
Sarah;Pearson;FL8570;United States;2024-11-16;0:25:04
Catherine;Salazar;FL2415;China;2025-02-10;9:24:33
Paul;Garner;FL5796;India;2025-07-11;16:36:26
Jason;Bennett;FL7272;United States;2025-02-12;20:47:07
Margaret;Ryan;FL6181;United States;2024-10-06;11:43:46
James;Mcdonald;FL8273;Japan;2023-12-10;23:27:53
Joshua;Aguilar;FL2009;Argentina;2025-05-30;13:18:40
Kyle;Rich;FL9041;United States;2024-01-13;7:31:45
Charles;Vance;FL9284;Canada;2024-04-16;5:03:27
Betty;Keith;FL6450;Argentina;2024-01-13;15:52:35
Kelsey;Mcmillan;FL6032;Japan;2024-05-02;8:55:12
John;Rosales;FL1215;Canada;2024-11-22;17:33:00
Jennifer;Navarro;FL7589;India;2023-08-31;14:33:31
Brendan;Edwards;FL5045;China;2024-07-19;22:34:32
Daniel;Meyers;FL7902;Russia;2024-12-08;5:57:08
Angela;Smith;FL3807;Brazil;2023-10-31;17:29:21
Marcia;Jennings;FL9234;Brazil;2025-01-06;11:24:28
Michael;Garrison;FL4832;Canada;2024-08-26;4:58:13
Ashley;Nelson;FL5889;Argentina;2024-10-12;14:44:43
Donna;Wang;FL3871;Japan;2025-03-02;22:56:03
Taylor;Clark;FL2748;Argentina;2025-06-20;11:50:06
Linda;Gardner;FL2190;Canada;2025-04-23;5:26:14
Matthew;Garrett;FL2732;Japan;2025-01-26;21:56:24
Randy;Hall;FL3550;United States;2024-07-04;8:52:30
Patricia;Jones;FL9370;Mexico;2024-02-06;4:42:38
Zachary;Dawson;FL1260;Mexico;2023-09-13;7:57:31
Tyrone;Anderson;FL7420;Russia;2023-11-13;14:58:33
Nancy;Jones;FL9685;Russia;2024-09-02;14:50:52
Tyler;Banks;FL8565;Canada;2023-11-20;18:39:32
Cynthia;Chavez;FL9594;Canada;2024-06-01;0:05:40
Wanda;Clark;FL8830;Japan;2024-03-16;2:12:34
Ashley;Ashley;FL8975;India;2024-10-29;9:05:01
Lisa;Clay;FL1392;Canada;2025-01-31;14:54:38
Kristin;Hutchinson;FL7908;China;2023-11-12;11:11:14
Carolyn;Barker;FL2941;China;2024-11-07;12:28:36
Douglas;Harmon;FL8213;United States;2024-08-11;2:37:08
Karl;Grant;FL8191;China;2023-12-18;9:43:06
Amanda;Cruz;FL7533;United States;2023-10-05;16:05:57
Deborah;Blevins;FL4460;Mexico;2024-03-22;15:54:37
Victor;Frederick;FL7978;India;2024-12-22;15:26:30
Thomas;Levine;FL6961;Russia;2024-06-08;9:57:29
Gregory;Gray;FL9625;Brazil;2024-01-03;22:51:46
Heather;Lindsey;FL6729;Germany;2025-07-07;0:39:54
Beth;Richardson;FL9482;Argentina;2024-12-28;15:24:06
Dawn;Alvarez;FL1184;Mexico;2024-06-24;23:45:21
Nicholas;Johnston;FL6436;Mexico;2024-12-21;17:22:57
Tammy;Johnson;FL1016;India;2025-05-17;6:57:06
Jesse;Morrow;FL3543;Russia;2024-07-24;3:11:45
Rebekah;Martinez;FL7734;United States;2025-04-20;11:38:25
Kathleen;Brown;FL6732;Japan;2025-06-21;0:11:46
Marc;Hoffman;FL1549;Argentina;2024-10-21;16:04:44
Timothy;Soto;FL7438;Germany;2023-11-27;13:09:57
Alyssa;Smith;FL6483;India;2025-06-28;10:16:55
Anthony;Vargas;FL5984;Brazil;2025-06-03;6:33:30
Jeffrey;Peters;FL3197;India;2025-06-23;18:57:14
Jason;Knox;FL9158;Germany;2024-06-16;11:14:13
Mary;Dunn;FL4503;United States;2025-01-14;8:41:22
Tyler;Murphy;FL7669;India;2024-02-19;7:22:58
Bethany;White;FL3568;Canada;2025-04-07;7:05:13
Rachel;Peters;FL3998;Japan;2025-02-04;0:10:41
Sierra;Russo;FL7353;Argentina;2025-03-09;0:19:58
Joshua;Vaughn;FL6222;Russia;2024-11-06;20:02:37
Patrick;Snyder;FL5711;Russia;2023-12-12;19:02:59
Crystal;Williams;FL9028;Brazil;2023-10-05;5:30:29
Brittany;Clark;FL4440;Germany;2023-12-21;12:46:39
Jessica;Vasquez;FL9485;Germany;2024-01-28;2:19:49
Robert;Simmons;FL9781;Canada;2025-03-16;11:42:23
Catherine;White;FL7714;Canada;2023-11-19;2:08:27
John;Andersen;FL8400;Canada;2024-10-07;1:46:45
Sheila;Jackson;FL8063;Argentina;2025-04-02;12:23:32
Allen;Powers;FL1972;Argentina;2024-08-10;5:59:11
Robert;Orozco;FL6056;Brazil;2023-08-29;15:38:30
Mariah;Davis;FL4878;China;2025-03-15;12:28:28
Nathan;Arnold;FL1535;India;2024-07-18;11:07:18
Melvin;Neal;FL6730;United States;2025-02-06;11:51:49
William;Taylor;FL9303;Mexico;2024-10-22;11:44:20
Erika;Aguilar;FL2284;Argentina;2023-10-29;9:08:56
Ricky;Lewis;FL3007;Mexico;2023-11-18;7:54:19
Patricia;Robinson;FL9474;Germany;2023-11-21;23:39:17
Russell;Bradford;FL1375;Japan;2025-02-15;18:44:43
Joel;Mann;FL8824;Germany;2023-11-12;23:55:12
Laura;Marsh;FL7247;Russia;2024-07-09;12:27:38
Katie;Gardner;FL9460;Argentina;2024-04-03;0:36:39
Todd;Hall;FL5565;Brazil;2025-04-15;14:54:28
Cynthia;Smith;FL7732;Russia;2025-05-09;9:05:42
David;Mcdaniel;FL2671;Japan;2025-02-25;9:03:38
Matthew;Morris;FL4024;Brazil;2025-07-27;14:25:49
Michael;Santiago;FL4254;China;2024-07-27;19:59:22
Craig;Parker;FL3918;Japan;2024-02-01;22:16:27
Alicia;Martin;FL3356;Japan;2023-12-16;3:30:00
James;Collier;FL6892;China;2025-05-02;10:40:47
Jillian;Miller;FL8998;Argentina;2025-01-31;20:33:52
Daniel;Lin;FL8465;Canada;2024-12-07;16:40:56
Brian;Ortiz;FL3733;India;2025-06-18;9:30:59
James;Banks;FL5730;Japan;2024-01-22;9:06:08
Darrell;Whitaker;FL7705;India;2024-12-20;20:35:41
Charles;Rivas;FL7711;Mexico;2025-02-24;6:50:56
Jason;Perez;FL8450;Argentina;2023-11-27;3:29:09
David;Thomas;FL8227;Germany;2024-10-20;13:35:31
Henry;Kaufman;FL3023;Germany;2024-11-09;4:03:03
Kimberly;Cross;FL7108;China;2024-11-23;9:19:07
Aaron;Johnson;FL6163;Germany;2025-04-16;13:58:18
Jessica;Johnson;FL6342;Russia;2023-09-03;23:45:28
Nicholas;Moore;FL8532;United States;2023-09-03;15:41:55
Greg;Lee;FL6268;Germany;2025-07-05;21:44:00
Shannon;Graham;FL1497;Argentina;2023-10-01;4:53:10
Kimberly;Mcmillan;FL8943;Mexico;2024-06-28;0:00:09
Brenda;Mullen;FL1242;United States;2025-08-04;18:12:13
Katherine;Shah;FL7135;Argentina;2024-05-31;3:52:56
William;Sanchez;FL1939;Argentina;2025-01-09;13:05:01
Bradley;Sherman;FL6087;United States;2024-08-20;19:10:23
Robert;Logan;FL7146;India;2024-05-16;4:32:31
Anthony;Bryant;FL7542;Japan;2025-05-27;9:34:40
Theresa;Jones;FL1811;Canada;2024-08-25;1:49:11
Brenda;Greene;FL5059;Germany;2024-09-29;21:54:35
Charles;Bryant;FL2819;Canada;2023-12-14;5:59:29
Brian;Lamb;FL8451;United States;2024-03-14;3:52:25
William;Mcfarland;FL8122;United States;2024-12-08;2:35:14
James;Chang;FL3568;Argentina;2025-03-22;20:12:37
Lori;Olson;FL3044;Japan;2024-05-08;6:32:36
Douglas;Combs;FL4715;Germany;2024-01-14;7:56:13
Nicholas;Evans;FL9113;China;2025-07-26;21:03:46
Danielle;Mitchell;FL7315;India;2024-08-11;19:22:01
Kenneth;Wells;FL5831;Canada;2024-09-08;11:42:00
Joshua;Glass;FL5434;China;2025-07-01;17:40:57
Victor;Gonzalez;FL6701;Brazil;2024-12-27;20:19:46
Elizabeth;Patterson;FL4805;Brazil;2024-04-04;5:24:13
Nathan;Harrington;FL6481;Germany;2024-03-09;6:59:36
Arthur;Butler;FL7982;Canada;2024-07-14;11:04:44
Jose;Scott;FL3439;Brazil;2023-12-27;3:09:31
Amanda;Holt;FL7560;Japan;2024-04-18;12:01:03
Richard;Palmer;FL9135;China;2024-08-17;19:47:51
Robert;Peterson;FL5393;Mexico;2024-12-08;22:06:00
Hayden;Miller;FL5653;Mexico;2023-11-07;0:08:14
Gregory;Elliott;FL1874;China;2024-01-05;10:58:17
Jaime;Estrada;FL4692;Canada;2023-09-21;0:11:48
Jerry;Thomas;FL8443;Brazil;2025-05-13;19:04:02
Nicholas;Smith;FL8619;Russia;2025-07-12;12:20:53
Nathaniel;Walker;FL8268;Brazil;2025-03-09;12:14:55
Samantha;Roberts;FL7991;Japan;2024-02-07;22:49:24
James;Wilson;FL6281;China;2023-10-16;8:32:04
Jermaine;Estrada;FL7315;United States;2024-03-14;12:45:50
Susan;Kelly;FL4239;Germany;2024-01-08;10:09:53
Nancy;Young;FL4647;Brazil;2024-08-20;12:25:05
Holly;Monroe;FL1438;Germany;2024-01-01;3:11:43
Shannon;Smith;FL7012;India;2023-11-18;9:39:38
Jason;Jackson;FL1355;Argentina;2023-10-26;3:38:21
Meghan;Barton;FL1443;Argentina;2024-01-23;13:30:09
Robert;Haley;FL2245;Japan;2023-08-28;11:18:05
Robert;Richards;FL6765;Canada;2024-03-15;11:16:56
Gabrielle;Obrien;FL9845;China;2024-09-14;18:19:02
Michael;Davis;FL7033;Brazil;2024-02-04;17:12:54
Ryan;Lloyd;FL1545;Argentina;2025-08-04;17:58:29
Darin;Porter;FL5500;Canada;2023-09-14;15:24:50
Roger;Jones;FL3129;Japan;2025-06-27;0:19:46
Laura;Thomas;FL8282;India;2023-12-17;11:56:29
James;Gallagher;FL6774;Russia;2024-08-26;11:21:30
Oscar;Rojas;FL9505;Canada;2023-10-05;1:56:56
Jeffery;Mills;FL8723;United States;2024-12-01;0:56:28
Michael;Thompson;FL6899;China;2023-09-02;19:30:20
Ethan;Stanley;FL1233;Argentina;2024-02-09;7:43:09
Alicia;Odom;FL2162;Argentina;2024-03-30;3:23:38
Willie;Johnson;FL1165;Canada;2023-12-22;19:36:43
Danny;Perez;FL9371;Russia;2025-06-04;0:19:22
John;Allen;FL4611;Canada;2024-02-18;1:48:06
Michael;May;FL3096;United States;2024-03-25;8:53:21
Richard;Robbins;FL3783;Mexico;2024-02-16;13:44:01
Tracey;Abbott;FL6002;Germany;2025-08-01;1:39:02
Tyler;Williams;FL2932;Japan;2024-01-23;22:09:45
Megan;Schmidt;FL6003;Brazil;2024-09-23;20:16:40
Benjamin;Hudson;FL1856;Argentina;2023-09-03;22:02:08
Alan;Moore;FL5886;Japan;2024-02-12;7:04:40
Kelly;Reed;FL8620;Germany;2023-12-20;3:41:36
Vicki;Griffith;FL4335;Brazil;2025-02-18;8:22:40
Kristin;Ray;FL8082;Mexico;2025-05-08;22:30:24
Brent;Butler;FL3735;China;2025-06-17;20:14:31
Jay;Rodriguez;FL6910;Mexico;2025-05-10;12:17:27
Susan;Peterson;FL8026;Mexico;2025-05-29;17:16:54
Courtney;Sanders;FL7625;China;2023-09-04;2:00:32
Nichole;Sims;FL7505;Argentina;2025-01-30;15:53:57
Amy;Lang;FL9499;India;2024-08-10;22:58:56
Corey;Robinson;FL1251;Germany;2025-03-14;10:58:48
Travis;Rodriguez;FL3179;Canada;2024-03-02;7:17:17
Deanna;Walker;FL8262;United States;2024-11-06;0:54:02
Kristin;Dixon;FL3520;Japan;2024-12-06;21:04:59
Rebecca;Howard;FL6719;China;2025-04-06;4:16:02
Amber;Clark;FL2902;Brazil;2025-04-20;19:49:12
Stephanie;Thornton;FL5411;Mexico;2023-12-11;20:07:45
Kimberly;Lawrence;FL5130;Russia;2024-12-18;4:00:55
Mary;Shaffer;FL6775;Russia;2024-07-13;8:05:04
Lisa;Ferguson;FL3056;United States;2025-01-12;7:24:06
Tammy;Lyons;FL4811;Argentina;2024-03-04;4:23:38
Joshua;Wagner;FL4906;Canada;2023-10-16;21:37:01
Tommy;Welch;FL3837;Russia;2023-10-10;20:06:59
Jesse;Huerta;FL6332;China;2023-12-24;2:00:30
Andrew;King;FL4199;Argentina;2025-05-29;17:56:25
Holly;Williams;FL1172;Argentina;2023-08-30;12:57:13
Joseph;Palmer;FL8428;Mexico;2023-10-22;14:10:19
Michael;Cooper;FL1612;Germany;2023-09-07;15:40:49
Shannon;Hart;FL7125;Germany;2024-01-11;10:47:56
Sarah;Espinoza;FL7340;United States;2025-01-28;20:20:08
Aaron;Townsend;FL3236;China;2025-03-31;22:18:28
Phillip;Robertson;FL2435;Germany;2025-05-31;2:51:21
Katelyn;Harris;FL6738;Brazil;2025-01-03;8:14:44
Danielle;Thomas;FL8004;Germany;2024-08-24;8:55:46
Troy;Burns;FL3070;Russia;2025-05-17;3:16:42
Jason;Anderson;FL8545;China;2024-06-16;7:25:33
Thomas;May;FL8193;Brazil;2024-09-14;20:54:25
Michael;Jones;FL3823;United States;2024-01-13;22:43:43
Jennifer;Ellis;FL5719;Brazil;2023-12-05;3:19:09
Jason;George;FL8250;Germany;2025-01-17;23:13:25
Traci;Oneal;FL8639;Canada;2024-09-28;5:33:25
Jennifer;Evans;FL3322;Brazil;2024-04-20;4:19:46
Larry;Collins;FL3693;China;2024-09-10;3:47:57
Anthony;Roberts;FL3238;India;2023-10-03;23:23:50
Robert;Wilson;FL3685;Russia;2023-10-06;3:28:26
Jose;Chan;FL7677;Brazil;2023-11-26;22:06:38
Melanie;Wallace;FL1443;Germany;2024-07-29;22:51:43
Stephanie;Nicholson;FL2022;Mexico;2023-09-29;22:55:55
Jared;Li;FL8112;Canada;2024-01-18;2:53:57
Cory;Green;FL2706;United States;2023-12-05;9:52:48
Adam;Walker;FL1473;United States;2025-04-08;15:13:01
Miguel;Bradley;FL8945;United States;2024-08-21;8:53:23
Jonathan;Brown;FL7197;Japan;2025-07-10;9:34:29
Noah;Gray;FL6508;China;2023-12-16;17:12:43
Anthony;King;FL8065;Russia;2023-09-05;23:45:07
Jennifer;Martin;FL3622;China;2024-05-11;16:42:05
Kevin;Allen;FL9002;Mexico;2025-01-29;15:17:38
Jacqueline;Brown;FL4137;India;2024-05-14;20:08:01
Brittany;Delgado;FL3525;Brazil;2024-03-03;8:02:44
Anthony;Gonzalez;FL2174;Japan;2025-06-10;18:55:11
Marie;Bass;FL2293;Germany;2025-02-06;0:07:54
James;Duran;FL3525;China;2024-09-23;3:20:58
Claire;White;FL1384;Mexico;2025-05-16;3:23:25
Lindsay;Dominguez;FL7879;China;2025-04-04;13:03:56
John;Benitez;FL1113;Russia;2024-01-20;4:03:51
Nicole;Johns;FL7368;China;2024-05-08;18:43:08
Antonio;Douglas;FL2815;China;2024-06-29;22:29:24
Samantha;Smith;FL8513;Canada;2023-11-09;17:33:16
Paul;Kelly;FL7187;Brazil;2024-06-15;7:53:49
Matthew;Stone;FL5629;China;2024-02-03;12:04:01
Jason;Bates;FL8678;Brazil;2024-12-29;21:00:10
Crystal;Snyder;FL8477;United States;2024-07-23;23:54:41
David;Burke;FL8355;Russia;2025-04-23;9:51:20
Debra;Moore;FL2834;Mexico;2025-08-11;9:49:47
Bailey;Johnson;FL4304;United States;2024-08-20;2:29:19
Megan;Williams;FL6936;China;2024-11-06;10:15:56
Kelli;Gray;FL5563;India;2024-07-15;1:00:40
Kayla;Sanchez;FL9785;Canada;2024-03-17;19:28:13
Jenny;Wang;FL7888;Mexico;2024-09-08;7:14:56
Kenneth;Johnson;FL5082;United States;2023-12-31;23:58:11
Gregory;Weeks;FL9524;Brazil;2023-10-04;21:12:53
Veronica;Richardson;FL8893;Canada;2025-03-28;4:37:25
Joseph;Rogers;FL7898;Russia;2023-08-22;17:16:38
Amanda;Rocha;FL2676;Argentina;2023-08-24;6:28:34
Sydney;Anderson;FL2584;India;2024-01-26;6:26:07
Jack;Wilkins;FL9387;Brazil;2025-03-31;15:34:08
Cynthia;Schmidt;FL5669;Japan;2025-06-01;8:44:17
Christian;Nelson;FL1656;Russia;2025-03-11;20:09:22
Gina;Hernandez;FL4320;India;2023-12-01;18:28:26
Kristen;Huerta;FL6278;Russia;2025-04-03;8:30:37
Amanda;Gallagher;FL6829;China;2025-03-07;23:49:38
Matthew;Christian;FL5778;China;2025-04-17;5:59:56
John;Brown;FL1463;Canada;2023-10-23;16:30:24
Nicole;Johnson;FL3926;Canada;2025-01-27;2:13:41
Matthew;Martinez;FL2168;India;2024-01-30;14:58:00
John;Erickson;FL1085;China;2024-11-09;16:17:49
Bianca;King;FL3819;Mexico;2024-04-10;2:06:24
Gregory;Lee;FL3842;Mexico;2024-08-18;23:06:17
Michael;Russell;FL5061;Russia;2025-05-29;20:38:49
Jennifer;Foster;FL7285;Japan;2023-11-19;0:05:23
Rebecca;Griffin;FL9061;Canada;2024-09-19;16:41:40
Stacy;White;FL8842;United States;2025-08-15;13:54:03
Michael;Moore;FL9988;China;2024-01-19;2:09:49
Derrick;Underwood;FL7073;India;2025-06-10;7:47:24
Deborah;Jones;FL2670;Mexico;2025-07-24;21:55:40
Robert;Logan;FL3007;Germany;2025-02-01;23:14:34
Melissa;Perez;FL9832;Russia;2024-02-25;7:26:37
Shari;Clark;FL4071;Russia;2024-09-01;5:36:29
Luis;Coleman;FL5748;Mexico;2025-03-01;23:55:53
Elizabeth;Curry;FL2889;Canada;2025-05-03;2:41:29
David;Hartman;FL2418;Germany;2024-12-22;22:47:28
Becky;Barber;FL1455;China;2024-01-11;19:11:48
Stacey;Collins;FL9379;Japan;2024-03-24;5:00:12
Kenneth;Brown;FL7155;Mexico;2024-03-05;8:20:07
Xavier;Sanders;FL5653;India;2024-11-19;22:13:19
Kenneth;Clark;FL4644;Germany;2023-09-05;15:04:01
Keith;Short;FL9385;Canada;2025-07-09;21:22:43
Laurie;Lane;FL9437;Brazil;2023-12-18;20:26:11
Zachary;Wilson;FL5969;Russia;2023-10-23;14:27:04
Tyler;Butler;FL2660;India;2025-03-09;15:29:13
Angela;Ortiz;FL6314;China;2025-05-31;13:44:02
David;Reynolds;FL9905;Russia;2024-03-06;13:42:38
Daniel;Powers;FL9352;Canada;2024-07-14;7:17:42
Kristen;Phillips;FL1430;Germany;2025-01-22;19:48:17
Melissa;Castro;FL3646;Japan;2025-05-13;14:52:17
Mathew;Serrano;FL9223;Canada;2023-10-25;23:44:32
Kristine;King;FL4907;China;2024-05-21;8:12:53
Paul;Henry;FL1952;Russia;2025-03-07;13:53:28
Susan;Davis;FL2544;Brazil;2023-08-31;22:40:43
Michael;Sullivan;FL7395;Germany;2024-02-22;14:44:31
William;Edwards;FL3259;Mexico;2025-05-16;18:15:18
Russell;Craig;FL8238;Japan;2024-10-18;1:54:28
Sheri;Singleton;FL6127;Japan;2025-03-28;12:13:57
Caroline;Williams;FL8583;Mexico;2023-10-24;5:06:37
Michelle;Macias;FL3613;Japan;2023-09-06;0:57:00
Linda;Doyle;FL3618;Germany;2025-06-04;13:18:26
Catherine;Smith;FL8804;Argentina;2023-10-09;18:19:27
Crystal;Simmons;FL1549;China;2024-10-08;17:19:56
Allison;Young;FL5460;Japan;2024-03-13;11:06:03
Megan;Ramos;FL7266;Mexico;2024-09-02;8:40:52
Ronnie;Garza;FL5642;Canada;2024-03-10;22:11:43
Jose;Mitchell;FL8900;Mexico;2025-06-17;19:38:30
Mark;Cruz;FL8631;Germany;2024-06-15;16:06:54
Hayden;Nichols;FL6889;Russia;2025-04-19;10:05:00
Sharon;Mcpherson;FL3498;Russia;2024-01-12;2:49:11
Steven;Vasquez;FL3073;Brazil;2025-04-22;9:22:19
Emily;Hobbs;FL7755;Brazil;2023-12-10;3:48:22
Samantha;Pena;FL3551;Argentina;2023-12-10;19:49:03
David;Thomas;FL6469;Argentina;2024-03-10;14:43:12
Gary;Johnson;FL1454;United States;2024-11-30;0:07:12
Tammy;Jackson;FL1868;Argentina;2024-04-14;4:05:43
James;Mercer;FL2435;Mexico;2024-08-28;8:17:45
Ian;Franco;FL3605;Russia;2024-08-10;13:05:45
Thomas;Fowler;FL1417;Germany;2024-10-27;15:38:31
Maureen;Jones;FL5695;India;2025-07-10;18:25:26
Michelle;Freeman;FL9739;Mexico;2024-01-08;3:10:51
Jessica;Malone;FL4468;Brazil;2024-08-19;3:21:50
Roger;Kennedy;FL7773;Canada;2025-04-06;13:31:17
Rachel;Romero;FL1089;Germany;2024-06-27;18:40:58
Colin;Martin;FL3669;Russia;2025-07-21;12:44:15
Keith;Kim;FL2792;Russia;2025-04-04;2:58:03
John;Guerrero;FL4238;Japan;2024-05-02;8:31:46
James;Perez;FL7184;Argentina;2023-11-26;3:47:48
Charles;Holmes;FL2053;Brazil;2025-04-15;3:25:16
Jeanne;Johnson;FL1816;Argentina;2025-02-05;18:40:43
Tony;Sosa;FL8744;Russia;2025-03-25;5:52:45
Susan;Hall;FL2076;China;2024-09-17;1:04:49
Victor;Walters;FL6793;Argentina;2025-05-31;2:26:51
Jacob;Vasquez;FL7439;Canada;2024-11-04;14:55:45
Sherry;Downs;FL9431;Brazil;2025-07-14;6:45:28
Charles;Cooper;FL7071;United States;2024-12-12;13:21:08
Kathleen;Evans;FL6747;Mexico;2025-06-18;17:20:07
Michele;Mccoy;FL5863;United States;2023-08-27;0:16:55
Trevor;Banks;FL9005;Russia;2024-12-10;18:07:35
Scott;Trujillo;FL5634;China;2025-06-04;17:22:59
James;Collins;FL7342;Japan;2024-06-11;5:14:31
Dominique;Holland;FL1180;Germany;2023-09-22;17:52:14
Nicole;Montgomery;FL8739;India;2024-07-24;20:33:20
Maria;Jones;FL8219;Mexico;2025-07-28;0:14:38
Alexis;Harris;FL2662;India;2025-02-02;5:34:30
Tiffany;Williams;FL7174;Russia;2025-06-24;6:57:59
Brian;Gentry;FL6073;Russia;2024-10-12;21:35:01
Dana;Anderson;FL9752;Russia;2023-12-26;8:28:48
Melissa;Green;FL4429;Mexico;2024-02-24;2:41:12
Kimberly;Steele;FL4928;Argentina;2025-01-14;1:49:38
Julie;Taylor;FL7673;Canada;2024-01-03;6:49:08
John;Erickson;FL8858;Germany;2023-10-31;19:30:58
Carlos;Brown;FL7768;Russia;2024-12-05;7:54:59
Lori;Davis;FL5254;India;2025-02-27;22:47:38
Michael;Thomas;FL4601;Canada;2024-04-03;1:58:30
Courtney;Craig;FL9133;India;2025-06-15;20:29:33
Michael;Boyle;FL6900;Japan;2024-01-23;16:49:11
Tiffany;Manning;FL5021;Brazil;2023-12-15;13:01:21
Krista;Dunlap;FL4430;United States;2023-10-06;3:50:48
Christopher;Nelson;FL2591;Mexico;2025-03-18;5:26:30
Justin;Roberts;FL5636;Argentina;2023-08-24;21:38:38
Daniel;Lutz;FL7255;Mexico;2024-10-19;7:47:46
Travis;Burns;FL5673;Russia;2025-04-14;19:08:12
Benjamin;Keller;FL3279;Argentina;2025-05-26;21:58:03
Nathaniel;Frazier;FL9604;United States;2024-07-13;18:54:07
John;Vargas;FL9774;Germany;2025-08-07;10:08:27
Heather;Singh;FL4363;United States;2025-04-22;9:11:49
James;Wells;FL5885;Canada;2023-10-31;23:33:45
Richard;Jackson;FL4521;Russia;2025-01-09;13:27:42
Alicia;Singh;FL7675;Germany;2025-03-22;16:32:46
Kendra;Holt;FL7945;United States;2023-10-02;5:13:50
Sherry;Webb;FL4599;China;2024-11-30;12:28:06
Christine;Adams;FL6370;United States;2024-12-31;0:03:59
Mark;Alvarado;FL7959;Germany;2025-07-23;13:46:01
Brittney;Scott;FL1641;China;2024-03-27;4:54:16
Joshua;Nelson;FL3270;Brazil;2024-05-22;20:20:50
Anita;Estes;FL9332;Argentina;2024-04-27;18:30:30
Meredith;Martinez;FL2573;Germany;2025-03-09;17:48:32
Brooke;Watts;FL5275;India;2025-02-13;0:30:58
Edward;Jones;FL8602;Russia;2023-09-29;7:00:12
Dennis;Hunter;FL5272;Germany;2024-02-06;1:41:24
Karen;Christensen;FL2219;Canada;2024-06-20;21:02:49
Krystal;Alvarado;FL1550;United States;2025-05-25;0:10:59
Amy;Flynn;FL7024;Argentina;2025-03-11;2:06:49
Laurie;Jones;FL8458;United States;2024-07-25;9:47:00
Caitlyn;Thompson;FL6289;Brazil;2024-01-19;4:38:35
James;Clark;FL1671;Mexico;2025-01-20;3:20:23
Erica;Miller;FL6892;Canada;2025-08-05;17:45:44
Devin;Hinton;FL6266;Russia;2024-07-14;10:47:01
Brooke;Moore;FL2371;Germany;2025-08-13;13:32:45
Cynthia;Reyes;FL8363;India;2024-05-11;4:17:43
Melissa;Davis;FL1435;United States;2024-05-09;18:59:28
Melanie;Guerra;FL1950;Mexico;2024-02-12;8:48:32
David;Boyd;FL5829;India;2024-03-17;18:17:39
Diana;Edwards;FL8584;Canada;2025-04-18;9:35:02
Juan;Wong;FL9884;United States;2024-07-01;8:10:21
Veronica;Martinez;FL9186;India;2025-02-27;20:55:25
Makayla;Scott;FL4107;Argentina;2024-01-18;20:32:08
Cynthia;Anderson;FL8978;Japan;2025-04-20;16:54:40
Emily;Chambers;FL8645;Brazil;2023-11-18;6:41:34
Angela;Barnett;FL6612;Canada;2023-10-26;9:37:17
Scott;Dyer;FL1176;Japan;2025-03-07;6:35:31
Crystal;Weber;FL2726;Russia;2023-10-14;4:19:50
Crystal;Stone;FL2338;Canada;2024-01-17;2:03:16
Sheri;Soto;FL9534;China;2024-10-15;14:46:39
Kristina;Nguyen;FL3871;Russia;2024-09-17;0:17:44
Julia;Walters;FL8820;Canada;2023-11-23;7:42:10
Jennifer;Roth;FL3083;Mexico;2023-08-24;9:59:47
Justin;Richards;FL7307;Brazil;2024-05-19;14:04:52
Dennis;Benson;FL2870;Japan;2025-02-12;18:13:42
Rachel;Fields;FL4946;Germany;2024-10-12;17:49:08
Brent;Rhodes;FL6226;United States;2024-08-28;9:11:32
Stacey;Lopez;FL7167;Brazil;2025-08-13;22:18:07
Mary;Curtis;FL3327;India;2023-11-02;5:09:42
Daniel;Holt;FL1910;Japan;2024-03-02;1:00:25
Scott;King;FL7071;Germany;2023-12-20;20:03:19
Amanda;Olson;FL3955;Japan;2023-11-08;4:20:45
Steve;Howard;FL3661;Japan;2025-03-05;20:24:32
Robert;Lambert;FL2880;China;2024-03-07;10:46:26
Christina;Randolph;FL4549;Brazil;2024-04-02;0:24:18
Rachel;Shaw;FL2618;Japan;2023-10-24;11:32:22
Kelly;Ross;FL3914;Canada;2023-11-26;3:49:14
Patricia;Wright;FL9685;Brazil;2023-09-14;9:11:24
Michael;Jackson;FL3676;China;2024-09-15;20:20:24
Donna;Miller;FL2575;Brazil;2023-11-02;14:35:33
Linda;Mckinney;FL4343;Canada;2024-02-02;8:43:30
Robert;Collins;FL9261;Germany;2024-03-28;10:29:43
Michelle;Ramirez;FL8101;Russia;2024-02-03;8:48:33
Seth;Herman;FL2519;China;2024-04-18;22:25:00
Brandi;Wong;FL1675;India;2025-01-21;0:40:00
Victoria;Morgan;FL3487;Russia;2024-05-08;11:05:17
Leah;Nelson;FL6468;India;2024-09-11;12:33:20
Cassandra;Miller;FL5120;China;2025-03-20;19:46:52
Melissa;Walker;FL8041;Germany;2024-02-27;9:59:36
Linda;Washington;FL3177;Mexico;2023-10-05;9:49:21
Courtney;Stewart;FL6976;Japan;2023-12-07;5:18:22
Amanda;Bass;FL2975;Canada;2023-09-02;0:43:54
Emma;Thompson;FL8582;Japan;2024-09-28;14:33:50
Kendra;Rush;FL8897;Argentina;2025-01-10;4:08:19
Nathaniel;Cox;FL3491;United States;2024-09-12;12:23:54
Jeffrey;Sanchez;FL2604;India;2024-11-10;5:15:24
Thomas;Watts;FL9667;Brazil;2024-04-27;23:43:44
Kelli;Nguyen;FL6311;United States;2025-06-18;12:17:48
Brianna;Kramer;FL2365;Brazil;2025-05-08;6:18:18
Sean;Dunn;FL9284;India;2025-01-29;2:34:29
Jacob;Torres;FL3972;Japan;2025-01-29;5:13:14
Ashley;Davis;FL3289;Germany;2024-11-27;4:00:57
Jamie;Schultz;FL3886;Germany;2025-07-07;11:44:23
Steve;Obrien;FL6994;Russia;2024-10-10;9:43:08
Michael;Nichols;FL9238;Canada;2024-05-04;9:38:14
Kendra;Holland;FL5457;Japan;2024-05-20;20:17:18
Jodi;Schwartz;FL1632;Argentina;2024-04-21;15:38:12
Daniel;Collier;FL4300;China;2023-12-15;6:37:02
Kayla;Freeman;FL7141;Japan;2023-12-08;7:52:17
Erica;Oneill;FL5089;Russia;2025-08-18;0:30:45
David;Robertson;FL1605;Argentina;2025-07-25;11:02:07
John;Marks;FL8049;India;2025-05-26;16:13:18
Katie;Smith;FL7857;Russia;2024-07-06;14:43:14
Gary;Henderson;FL8200;Germany;2024-12-31;20:32:46
Scott;Olson;FL4239;Germany;2024-04-12;1:27:46
Courtney;Hendrix;FL4968;China;2024-06-28;16:00:11
Brooke;Wilson;FL7687;India;2024-10-22;2:22:15
Michelle;Henderson;FL8543;Russia;2023-11-07;16:03:35
Emily;Olson;FL6745;Brazil;2023-10-09;6:56:26
Kaitlyn;Snyder;FL7774;Germany;2024-10-10;4:54:27
Jessica;Farmer;FL3958;Japan;2024-04-29;9:04:37
Tyler;Edwards;FL8258;Canada;2023-11-16;10:30:04
Joel;Costa;FL9146;United States;2023-11-06;6:31:53
Dylan;Floyd;FL4941;Germany;2023-12-24;12:42:35
Jennifer;Moreno;FL4662;Germany;2025-01-04;10:14:20
Jason;Fletcher;FL8167;Mexico;2024-03-14;1:04:59
Jose;Hall;FL4221;China;2024-03-24;19:14:50
Randall;Martinez;FL7027;China;2024-10-23;15:01:15
Anthony;Bridges;FL5103;China;2025-07-08;19:42:51
Holly;Carpenter;FL1685;Argentina;2023-10-26;7:48:23
Sheryl;Moore;FL3200;United States;2023-10-28;11:49:24
Brittany;Pollard;FL8276;Japan;2024-10-08;22:16:59
Robert;Reed;FL1814;Germany;2024-05-15;21:40:25
Cassandra;Becker;FL3027;India;2024-07-14;15:33:02
Melissa;Jones;FL3689;Japan;2023-12-06;11:50:59
Krista;Ellis;FL4995;Japan;2023-09-13;6:17:27
Cynthia;Sampson;FL6640;Mexico;2025-07-17;4:45:38
Steven;Mitchell;FL8084;India;2025-05-11;10:46:52
Lisa;Rogers;FL4689;Argentina;2024-10-04;23:14:11
Eric;Green;FL6377;India;2023-10-27;4:15:22
Kayla;Conley;FL4543;Mexico;2025-07-12;4:04:14
Richard;Phillips;FL9810;Canada;2024-01-27;14:23:13
Donna;James;FL5149;Brazil;2024-03-13;23:39:31
Richard;Miles;FL6295;India;2024-04-28;8:30:24
John;Long;FL4252;Germany;2024-02-11;13:07:16
Meghan;Garner;FL1581;United States;2024-09-10;4:30:29
Barbara;Steele;FL7017;Russia;2025-07-11;2:26:03
Christopher;Anderson;FL3150;Canada;2025-01-09;8:18:45
Brenda;Pena;FL2439;Mexico;2024-02-09;7:34:36
Brian;Harris;FL2393;Germany;2025-07-11;14:39:54
Jesse;Bell;FL3577;Japan;2024-11-30;11:40:38
Nicholas;Lopez;FL2547;Germany;2025-05-24;18:24:51
Tracy;Ward;FL4686;Brazil;2023-08-20;12:09:43
Teresa;Smith;FL9658;Mexico;2023-08-26;5:53:31
Sherry;Schroeder;FL8033;Argentina;2023-11-30;11:46:20
Miranda;Soto;FL2177;India;2025-08-17;15:24:28
Patrick;Mills;FL6002;Japan;2025-04-15;14:27:31
Stacy;Grant;FL7817;China;2024-04-04;1:04:48
Bradley;Smith;FL8919;Canada;2024-12-26;10:09:54
John;Joyce;FL4884;Germany;2024-06-19;13:41:26
Patricia;Lee;FL1867;Russia;2024-07-09;20:54:08
Erica;Wagner;FL1892;Argentina;2023-09-17;23:02:29
Jessica;Flores;FL2597;India;2025-01-04;3:49:06
Claire;Alexander;FL4047;Russia;2023-09-19;21:43:30
Heather;Evans;FL6428;China;2024-12-31;7:44:03
Helen;French;FL9006;China;2024-01-03;5:53:42
Daniel;Jones;FL8415;Argentina;2025-03-07;4:38:56
Stacey;Brown;FL5461;China;2024-03-04;20:32:03
Amanda;Williams;FL3914;Brazil;2024-07-23;21:34:02
Donald;Ellis;FL6015;Germany;2023-10-16;9:07:28
Amy;Guzman;FL5814;China;2025-05-29;11:27:33
Lindsay;Tyler;FL9121;Mexico;2024-05-28;6:24:42
Brenda;Johnson;FL8025;Germany;2024-03-20;17:09:36
Donna;Johnson;FL6799;Brazil;2025-06-17;22:01:03
Steven;Roberts;FL5594;Brazil;2024-10-24;6:49:37
Michael;Smith;FL7152;Argentina;2023-10-14;8:40:49
Maria;Walker;FL5530;China;2025-03-01;20:09:50
Sierra;Lopez;FL3785;India;2024-07-25;2:08:59
Kelly;Jackson;FL7496;Canada;2023-11-24;21:02:57
Brandon;Bennett;FL8559;Germany;2025-04-20;14:33:52
Robert;Wright;FL3150;Mexico;2023-08-20;17:17:59
Donna;Smith;FL5822;India;2025-07-29;4:15:29
Antonio;Dominguez;FL4625;Argentina;2024-01-18;7:16:29
Leah;Crawford;FL9359;Russia;2024-10-13;18:39:27
Anthony;Clayton;FL4824;China;2025-06-06;13:33:56
Joshua;Munoz;FL8090;Argentina;2025-05-07;12:23:08
Nina;Baker;FL3402;Brazil;2023-10-01;22:13:23
Alison;Bailey;FL9552;Brazil;2025-04-05;17:58:21
Michael;Davis;FL7585;Brazil;2024-01-16;21:09:42
Matthew;Sanders;FL2791;India;2024-04-01;23:06:56
Christine;Tucker;FL3832;Canada;2023-12-02;14:18:24
Brent;Evans;FL1285;Germany;2023-12-13;23:25:10
Mark;Jackson;FL2514;Mexico;2024-08-20;13:46:22
Lisa;Hensley;FL7229;United States;2023-10-01;6:25:39
Juan;Williamson;FL5113;China;2025-03-02;18:31:53
Alyssa;Green;FL7592;Mexico;2025-02-01;10:03:28
Andrew;Lee;FL9647;Argentina;2024-10-02;7:53:33
Deborah;Bond;FL2363;India;2024-01-25;18:10:36
Nancy;Blake;FL5885;Mexico;2025-05-08;1:03:32
Angela;Williamson;FL9239;China;2024-12-26;13:13:03
Jesus;Mcguire;FL9079;Germany;2025-07-04;4:26:18
Michael;Dunn;FL3218;India;2024-07-06;7:57:49
Joshua;Vaughn;FL5800;Brazil;2024-04-27;4:59:25
Evelyn;Marshall;FL4717;Germany;2025-07-17;22:53:17
Hannah;Lambert;FL8447;Germany;2024-07-06;6:55:01
Gregory;Dominguez;FL2732;Japan;2025-08-03;8:03:33
Tammy;Franco;FL1522;China;2023-09-10;5:28:08
Timothy;Brown;FL5776;Japan;2024-05-03;16:20:34
Vincent;Lawrence;FL8795;Germany;2024-08-08;10:30:55
Michelle;Peterson;FL8539;Brazil;2024-01-30;1:54:50
John;Hanson;FL2709;Mexico;2025-04-02;17:50:59
Amy;Cross;FL1460;Germany;2024-01-18;14:09:38
Kelly;Carlson;FL7652;Japan;2024-07-26;15:02:03
Elizabeth;Garcia;FL5075;Canada;2023-09-27;20:43:57
Amanda;Le;FL6583;India;2024-01-24;6:22:21
Melinda;Castro;FL7567;United States;2024-12-01;13:19:34
Jacqueline;Castro;FL3946;United States;2025-02-03;10:58:50
Mark;Stafford;FL8110;Argentina;2024-07-08;4:16:04
Jennifer;Collins;FL5545;Argentina;2024-04-04;5:23:26
Kelly;Bowen;FL2876;Argentina;2024-04-22;20:19:33
Samantha;Dixon;FL9308;Canada;2024-07-17;1:36:06
Sabrina;Barnes;FL3720;Japan;2023-11-28;15:00:10
Victoria;Thomas;FL1379;Brazil;2025-01-25;11:59:54
Robert;Hall;FL4194;Russia;2024-06-04;14:05:12
Anthony;Mcdonald;FL5204;United States;2024-10-04;14:01:47
William;Wood;FL7512;China;2025-05-30;6:00:28
Nicholas;Gomez;FL1350;Brazil;2024-07-09;9:27:53
Crystal;Lawrence;FL3986;Argentina;2025-06-05;1:50:01
Jack;Rodriguez;FL1120;Germany;2025-03-04;16:57:20
Jeffrey;Faulkner;FL5502;Brazil;2023-12-20;13:02:50
Rachel;Flynn;FL2468;India;2023-09-04;7:55:06
Valerie;Jones;FL1015;Japan;2023-10-02;20:40:31
Amanda;Rodriguez;FL5981;Germany;2023-09-23;16:42:17
Renee;Mercer;FL1268;Germany;2025-01-11;20:37:52
Sara;Horn;FL1221;United States;2025-05-11;1:22:05
Kimberly;Espinoza;FL2218;Japan;2024-09-06;7:02:23
Melinda;Jones;FL8882;India;2025-05-08;8:14:25
Christopher;Bradshaw;FL2214;Russia;2023-11-14;18:37:49
Eric;James;FL6239;India;2024-06-19;16:29:40
Christina;Roberts;FL1185;Japan;2024-07-14;13:00:40
Joshua;Long;FL5958;Canada;2025-06-27;17:42:59
Emily;Wright;FL6415;Canada;2023-12-02;15:20:44
Scott;Hall;FL1682;China;2024-10-02;16:00:49
Steven;Malone;FL2890;Argentina;2025-04-02;2:02:14
Martha;Shields;FL1666;Mexico;2024-08-06;3:45:05
Eric;Scott;FL1918;Canada;2024-06-02;17:10:14
Robert;Fleming;FL3939;China;2024-11-16;16:36:59
John;Castillo;FL5542;Mexico;2024-09-28;2:24:03
Andrea;Young;FL1746;India;2024-08-16;23:09:03
Maurice;Munoz;FL5055;Russia;2024-02-01;11:31:38
Paul;Horton;FL5406;Canada;2024-06-29;21:05:12
Sean;Meza;FL5630;Brazil;2025-03-11;6:42:24
Natalie;Green;FL2912;Brazil;2024-01-27;10:36:08
Virginia;Gallegos;FL4202;India;2025-02-26;15:23:37
Joe;Kennedy;FL2474;Mexico;2025-03-18;17:52:14
Tyler;Parker;FL9559;India;2023-09-20;8:03:31
Cynthia;Prince;FL8192;Mexico;2025-03-02;3:18:22
Daniel;Wells;FL8324;Argentina;2023-11-19;21:01:47
Albert;Lewis;FL2932;Mexico;2024-10-16;20:12:12
Kimberly;Bishop;FL6054;India;2025-01-14;12:26:06
William;Tate;FL8528;Russia;2023-12-01;16:16:18
John;Long;FL9746;Russia;2024-12-27;16:10:19
Douglas;Johnson;FL4022;India;2024-02-23;10:07:07
William;Long;FL9997;Argentina;2025-02-23;21:09:28
Jasmine;Wells;FL1401;Mexico;2025-01-06;0:10:12
William;Jackson;FL5996;Brazil;2024-08-30;8:07:44
Timothy;Thomas;FL8542;United States;2025-01-04;19:53:50
Kristine;Hancock;FL6887;Germany;2024-01-10;0:41:26
Vanessa;Jones;FL8168;Canada;2025-04-20;19:32:21
Rachel;Mcintyre;FL4943;Germany;2025-08-08;21:01:07
Lisa;Mcdowell;FL4755;Japan;2024-08-23;16:25:32
Katherine;Harris;FL2900;Brazil;2025-05-04;9:01:54
Lisa;Brown;FL7675;India;2025-02-27;11:32:51
Daniel;Jones;FL1148;Japan;2025-05-24;19:15:34
Jacob;Perez;FL9790;Brazil;2023-11-05;22:56:49
Kimberly;James;FL2089;Germany;2025-06-24;19:44:03
Garrett;Baker;FL1906;Brazil;2025-04-01;3:46:06
John;Conrad;FL4194;United States;2024-01-18;15:22:42
Rhonda;Sanchez;FL2046;Canada;2025-01-13;23:51:08
Steven;Allen;FL5066;United States;2024-07-16;6:42:46
Kimberly;Grant;FL7954;Germany;2024-08-23;14:58:22
Jeffrey;Garcia;FL5532;United States;2025-07-01;3:21:47
Mark;Glass;FL3347;Brazil;2025-07-29;2:43:41
April;Pham;FL7042;China;2025-06-21;23:06:11
Katherine;Bailey;FL9749;China;2023-11-21;11:09:08
Jeffrey;Thompson;FL9544;Canada;2024-10-07;17:05:56
Lori;White;FL9488;Japan;2024-03-04;22:45:51
Nancy;Boyd;FL7451;Brazil;2023-09-27;9:23:39
Jody;Ward;FL7511;Mexico;2025-07-29;14:58:34
Gloria;Banks;FL3250;Canada;2023-12-11;1:41:39
Alexandra;Saunders;FL8960;Brazil;2025-04-15;13:15:57
Stephen;Castro;FL9231;Brazil;2023-12-21;5:29:46
Alex;Owens;FL1623;Japan;2025-03-26;19:09:36
Scott;Weaver;FL7991;Japan;2024-10-03;19:02:54
Robert;Wilson;FL9063;Mexico;2024-11-21;2:42:57
Elizabeth;Nichols;FL2724;Canada;2025-01-01;19:35:38
Ronald;Brown;FL5688;India;2023-10-13;12:35:01
Donna;Wilkerson;FL1982;United States;2024-05-31;0:58:20
Shelley;Jenkins;FL9253;Japan;2025-04-15;12:48:49
Joshua;Miller;FL9391;Germany;2024-01-08;20:51:06
Billy;Brown;FL5454;Mexico;2025-06-28;22:02:20
Brandon;Bond;FL8834;Mexico;2023-10-13;5:26:27
Cassandra;Carroll;FL3422;Brazil;2024-02-08;5:41:13
David;Juarez;FL1021;Japan;2024-05-06;18:09:38
