name;serial_number;country;date
Wendy Juarez;FL9069;Argentina;07-11-2024 19:52
Amber Tucker;FL1628;Germany;27-04-2025 1:05
Kelly Heath;FL9873;Canada;21-01-2024 16:06
Sean Dawson;FL3457;Canada;24-05-2025 1:26
Pamela Russell;FL5729;India;11-07-2025 16:15
Kevin Rojas;FL9058;China;19-12-2023 2:59
Aaron Hart;FL4145;Canada;09-08-2025 8:20
Eric Lowery;FL2863;Mexico;07-08-2025 17:44
Holly Francis;FL7345;United States;03-08-2025 13:27
Jessica Bowen;FL3195;Russia;14-04-2025 19:13
Lisa Johnson;FL9036;Japan;25-08-2023 19:24
Julia Jackson;FL8100;United States;22-09-2024 0:11
Jason Dunn;FL9337;Japan;01-02-2024 3:15
Michael Smith;FL3165;India;15-12-2023 22:30
Julie Warren;FL2939;United States;09-01-2024 21:40
Kimberly English;FL5568;Argentina;23-08-2023 13:49
Sarah Rodgers;FL6641;Brazil;26-04-2024 10:49
Paul Garcia;FL8112;India;06-01-2024 12:33
Mike Welch;FL5740;Mexico;25-10-2023 16:47
Mary King;FL4905;Germany;30-05-2024 11:43
Cameron Walker;FL4406;Germany;12-10-2024 20:22
Shannon Snyder;FL4924;China;15-05-2024 4:25
Andrea Costa;FL5034;Canada;26-02-2025 4:20
Joshua Huffman;FL4582;Argentina;24-06-2025 14:21
Richard Lewis;FL1302;Germany;12-05-2024 18:28
Carly Hahn;FL2115;United States;20-04-2024 15:25
James Jackson;FL9146;Japan;14-10-2023 5:16
Kimberly Zamora;FL3407;Brazil;29-01-2025 9:41
Lisa Griffin;FL7498;Canada;14-03-2024 0:25
David Armstrong;FL7039;Japan;07-01-2024 2:33
Kelly Dunn;FL4512;United States;26-01-2025 2:31
Dylan Mcdowell;FL9193;Russia;12-05-2024 18:57
Jacqueline Wilson;FL8344;Germany;26-06-2025 2:25
Donna Miller;FL1136;China;03-01-2024 20:23
Edward Alvarez;FL1458;Germany;16-06-2025 16:56
Jeremy Maxwell;FL1097;Canada;05-12-2023 3:09
Kayla Williams;FL5645;Russia;14-01-2025 13:39
Michele Brennan;FL5542;Mexico;02-08-2025 9:36
Robert Camacho;FL7963;China;17-10-2023 21:14
Timothy Morris;FL9792;China;27-04-2025 2:53
Laura Alexander;FL8666;Mexico;09-06-2025 19:35
Justin Griffin;FL1822;Germany;14-10-2024 1:20
Daniel Hatfield;FL8795;Brazil;30-09-2023 23:52
Douglas Morgan;FL6387;Japan;25-10-2023 1:36
Timothy Roy;FL1157;India;13-02-2024 5:19
Natasha Robinson;FL8286;Canada;13-03-2025 5:44
Mary Johnson;FL7501;Japan;29-06-2024 17:05
Andrea Alvarez;FL3241;India;18-01-2025 1:57
Danny Walker;FL7744;Japan;07-12-2023 13:37
Adam Williams;FL8370;United States;17-04-2025 3:08
Kevin Williams;FL2578;Mexico;22-09-2024 2:55
Steve Mcdonald;FL6945;China;17-08-2025 18:20
Roger Goodman;FL2704;China;11-06-2024 13:23
Samuel Barnes;FL1519;Mexico;24-11-2024 12:09
Donna Clarke;FL4854;Russia;10-10-2023 11:19
Judith Flowers;FL1804;India;04-04-2025 10:31
Jonathan Evans;FL1905;India;06-04-2025 21:48
Tracey Moore;FL9878;Japan;30-10-2023 12:42
Aaron Wilson;FL9660;Canada;15-08-2024 12:36
Tyler Johnson;FL7286;Germany;13-11-2023 19:55
Garrett Johnson;FL1857;Japan;30-07-2024 0:04
Meredith Rogers;FL3621;India;31-05-2025 22:27
Dorothy Williamson;FL5360;Japan;20-08-2023 18:00
John Wilson;FL3501;China;19-08-2024 18:22
Natalie Scott;FL9932;Germany;11-05-2024 4:16
Michelle Turner;FL6843;Japan;13-07-2025 1:59
Ivan Davis;FL4774;United States;24-05-2024 21:50
James Carter;FL7715;Brazil;24-01-2024 16:11
Gregory Garner;FL9939;China;29-03-2024 0:24
Cheryl Cruz;FL8351;Mexico;21-02-2025 2:04
Roger Miller;FL9108;Brazil;11-10-2023 7:27
Robert Reyes;FL4156;India;20-11-2024 13:28
Sarah Sanchez;FL6839;Canada;04-07-2024 13:39
Jessica Bauer;FL9238;Brazil;16-03-2024 6:53
Cameron Johnson;FL3221;United States;21-09-2024 1:18
Hannah Molina;FL8631;Canada;13-04-2025 19:55
Brian Wolfe;FL4024;Canada;19-11-2024 23:50
Angela Martinez;FL6739;Russia;07-03-2024 2:19
Michael Alvarado;FL7684;India;05-09-2024 12:39
Katie Weber;FL2616;India;18-08-2025 10:19
Kyle Washington;FL9483;India;19-11-2023 7:04
Rebecca Johnston;FL9718;Canada;24-01-2024 0:12
Suzanne Peck;FL6147;Germany;09-04-2025 2:25
David Miller;FL2679;Canada;09-11-2023 19:33
April Coleman;FL3410;Russia;31-03-2025 16:52
Ryan Vance;FL9126;Russia;15-02-2024 13:32
Marco Miles;FL3302;United States;25-01-2024 22:28
Kevin Hernandez;FL1540;Japan;22-05-2024 1:08
Ricardo Howell;FL7291;United States;15-04-2025 11:46
James Griffin;FL1852;United States;04-04-2024 22:04
Maria Baker;FL2358;Mexico;12-06-2025 11:05
Kevin Baker;FL6633;Argentina;03-05-2025 3:16
Alejandro Russell;FL7231;Russia;25-10-2023 15:43
Mark Baker;FL2308;China;02-07-2024 23:18
Thomas Welch;FL3735;Brazil;26-01-2025 16:20
Heather Deleon;FL5735;Brazil;07-10-2023 8:10
Chad Nielsen;FL7170;Japan;17-10-2024 21:10
Carrie Garcia;FL9878;Mexico;10-01-2025 14:02
Mark Murphy;FL3619;Brazil;01-02-2024 19:31
Mary Matthews;FL1388;Mexico;04-06-2024 6:45
Charles Thornton;FL6839;Mexico;27-06-2025 4:04
Angela Gross;FL1876;Mexico;05-06-2025 2:13
Pedro Terry;FL9638;Russia;27-10-2024 17:05
Timothy Koch;FL4841;Brazil;20-12-2024 16:18
Thomas Owens;FL7746;China;15-07-2025 16:39
Anthony Wilson;FL5720;Russia;16-08-2025 11:20
Donna Robinson;FL7715;Canada;08-12-2024 21:40
Madison Welch;FL1121;China;26-12-2024 3:08
Darlene Riley;FL5226;Argentina;06-08-2024 17:45
Andrew Henderson;FL7746;United States;04-04-2024 23:30
Chad Mills;FL3484;China;24-04-2024 19:50
Jeremy Allen;FL9481;Mexico;15-04-2024 2:51
David Gutierrez;FL1028;Russia;11-12-2024 22:19
Russell Jennings;FL5128;Mexico;26-04-2025 1:09
Jane Edwards;FL2268;China;10-03-2025 1:53
Adam Ferguson;FL9015;Germany;11-04-2025 0:25
Kelsey Holden;FL4843;United States;07-10-2023 4:39
Tracy Costa;FL3240;Mexico;09-03-2025 22:50
Stacie Brown;FL1929;Argentina;13-09-2023 22:20
Daniel Harris;FL1585;Mexico;04-05-2025 7:24
Thomas Joseph;FL4742;United States;10-04-2025 22:48
Andre Miles;FL9076;Brazil;31-08-2024 12:24
Tiffany Calderon;FL9660;Germany;09-12-2023 18:30
Alexander Banks;FL4128;Japan;21-11-2023 22:04
Patricia Greene;FL7962;Russia;28-04-2024 3:17
Jamie Calhoun;FL3934;India;29-03-2024 1:33
Tim Williams;FL5595;Germany;03-08-2024 10:21
Diana Smith;FL4254;Mexico;18-03-2025 1:37
Jennifer Spencer;FL4722;Russia;29-10-2024 21:48
Jody Fletcher;FL7803;United States;13-07-2025 1:07
Frank Lopez;FL2808;Japan;15-09-2023 4:38
Christina Carr;FL4482;Germany;07-05-2024 18:51
Matthew Reed;FL1175;Argentina;12-08-2024 8:54
Kevin Rodriguez;FL4653;China;12-03-2025 5:23
Cindy Young;FL4105;Mexico;30-12-2023 4:21
Jeremiah Taylor;FL5910;Germany;05-04-2024 14:24
Jennifer Atkins;FL9633;Brazil;31-07-2024 8:42
Lisa Gill;FL1731;Canada;06-02-2025 1:08
Lori Rodriguez;FL4767;Brazil;14-03-2024 14:07
Vincent Salinas;FL1734;Canada;14-11-2024 21:51
Jill Matthews;FL2283;United States;24-07-2025 9:38
Monica Heath;FL2597;Mexico;08-10-2024 11:01
Brett Diaz;FL3033;Brazil;08-09-2024 15:13
Jacqueline Flores;FL1792;China;07-03-2024 7:35
Alexander Rodriguez;FL9173;China;11-10-2024 15:12
Jay Turner;FL1510;Argentina;08-05-2025 10:16
Kelsey Brewer;FL8966;Russia;20-07-2024 14:31
Greg Ho;FL7178;India;06-10-2023 11:57
Lisa Powell;FL1359;Russia;14-02-2025 12:40
Richard Melton;FL2260;Germany;13-01-2024 0:59
Ernest Mendoza;FL6090;Brazil;10-07-2024 1:35
David Lewis;FL3458;Japan;21-11-2023 4:53
Thomas Stone;FL8492;India;04-11-2024 10:19
Caleb Torres;FL4116;Canada;03-05-2024 16:58
Alec Bradshaw;FL5610;Mexico;04-11-2024 3:39
Laura Hansen;FL7142;Germany;04-06-2025 16:28
Jason James;FL5525;China;09-02-2024 19:27
James Warren;FL4276;Brazil;04-09-2024 9:08
Crystal White;FL7571;United States;23-09-2023 1:22
Matthew Mueller;FL3063;Canada;12-04-2025 14:29
Brian Adams;FL9984;China;13-10-2023 21:55
Alyssa Harvey;FL7850;China;26-03-2024 5:19
Travis Peters;FL8021;Brazil;17-12-2024 0:14
Mary Conley;FL3046;Mexico;16-11-2023 10:31
Jake Garcia;FL5551;Japan;24-12-2024 12:23
Sean Petty;FL1064;India;15-09-2023 6:19
Jonathan Salazar;FL6698;China;12-12-2024 12:52
Tracy Moreno;FL8534;Brazil;25-08-2023 21:01
Larry Chapman;FL1207;Japan;09-02-2024 18:35
Benjamin Jackson;FL8008;Germany;18-10-2023 2:52
Brendan Collins;FL1492;Russia;12-06-2025 9:19
Ryan Butler;FL1659;Russia;15-07-2024 1:42
James Hurley;FL4766;Canada;16-08-2025 23:39
Timothy Lynch;FL1970;Russia;15-02-2025 13:37
John Rivera;FL2407;Germany;15-08-2025 15:16
Dennis Campbell;FL6206;Canada;23-11-2024 19:18
Kelly Olson;FL7603;United States;12-01-2024 12:17
Elizabeth Schneider;FL2800;India;06-08-2024 7:01
Austin Schwartz;FL7240;Russia;23-07-2024 21:58
Christopher Murphy;FL4985;Germany;26-03-2024 18:07
Jennifer Thompson;FL8631;Brazil;29-08-2024 11:04
Kevin Washington;FL7572;Mexico;08-06-2024 20:37
Haley Lewis;FL6080;Japan;31-07-2024 9:28
Cameron Carter;FL7642;Mexico;28-12-2023 9:50
Riley Fox;FL6889;Germany;17-09-2023 21:23
Alexandra Snyder;FL4717;China;06-01-2024 0:35
Ernest Porter;FL7729;Canada;19-07-2024 22:16
Zachary Taylor;FL7744;Brazil;13-10-2024 1:14
Laura Hanson;FL5695;Argentina;08-11-2024 13:54
Thomas Baker;FL4291;Argentina;22-12-2024 1:24
John Shannon;FL8446;Brazil;14-10-2023 14:55
Jennifer Alvarez;FL9019;Brazil;30-01-2025 14:21
Daniel Caldwell;FL6602;United States;16-08-2024 16:28
Megan Mathis;FL5069;Japan;10-07-2025 11:59
Brianna Jackson;FL7806;Brazil;20-09-2023 7:36
Mikayla Bradley;FL2530;Canada;18-06-2024 9:39
Theresa Weaver;FL2496;Germany;01-03-2024 16:30
Jonathan Cohen;FL6170;United States;04-02-2025 3:35
Justin Bray;FL3806;United States;19-06-2025 22:28
Peter Santos;FL6954;Argentina;30-09-2023 11:04
Lindsey Morgan;FL7336;Russia;19-12-2024 0:49
Stephanie Mitchell;FL4497;Brazil;30-06-2024 7:51
Michael Bell;FL4464;United States;23-12-2024 21:46
Shawn Brooks;FL6114;Germany;17-06-2024 8:56
Erica Crawford;FL7580;Canada;11-05-2025 3:54
Ashley Rollins;FL8590;Brazil;11-01-2024 19:11
Andrea Andrade;FL9485;Russia;18-11-2024 1:31
Crystal King;FL6285;China;19-11-2023 8:23
Katherine Barnes;FL4535;United States;15-10-2023 1:40
James Johnson;FL3205;India;21-08-2023 21:15
Joseph Gomez;FL2473;Japan;10-04-2025 17:39
John Cabrera;FL1212;Canada;29-05-2025 11:24
Chad Clark;FL4049;Argentina;08-12-2024 0:11
Andrew Durham;FL8057;Canada;31-03-2025 13:28
Lori Ward;FL8726;Brazil;25-10-2024 7:36
Nicholas Jones;FL2979;Japan;29-04-2025 9:24
Ashley Drake;FL4215;China;11-12-2024 8:07
Jennifer Shaw;FL8870;China;21-08-2023 15:36
Brian Adkins;FL1076;United States;28-01-2024 4:55
Christine Gonzalez;FL1158;Brazil;03-01-2024 11:09
Andrew Williams;FL5394;Russia;13-06-2024 20:12
Adam Evans;FL4215;Canada;24-12-2024 12:15
Elizabeth Torres;FL4977;Germany;05-05-2024 0:14
Chelsea Schmidt;FL1287;United States;29-04-2025 9:36
Susan Hernandez;FL6341;Mexico;18-06-2025 19:26
Hannah Perry;FL1670;Mexico;24-03-2024 20:47
Ashley Powell;FL2434;Brazil;08-01-2024 0:23
Patricia Garcia;FL2250;Germany;28-02-2025 10:20
Zoe Jones;FL5042;United States;01-02-2024 21:42
Angela Thomas;FL3954;China;05-10-2023 23:39
Amanda Becker;FL2897;Brazil;06-04-2024 14:59
Ronald Hurst;FL4652;China;29-04-2024 0:44
Tina Joyce;FL5563;India;27-05-2025 1:47
Christina Mooney;FL2159;India;23-05-2025 13:35
Theresa White;FL7122;Brazil;25-03-2025 6:34
Kevin Jackson;FL2363;China;26-08-2024 13:50
Jamie Vargas;FL8436;Argentina;13-09-2023 7:46
Gary Diaz;FL8125;Germany;01-08-2024 9:51
Sylvia Farmer;FL2567;China;28-12-2023 12:43
Diana Lyons;FL1791;Argentina;31-05-2024 17:50
Susan Mahoney;FL2769;China;21-09-2024 22:00
Stephanie Daniels;FL7576;Argentina;20-02-2025 15:42
Kimberly White;FL2647;Argentina;13-11-2023 17:16
Warren Torres;FL6789;Canada;28-02-2024 13:31
James Merritt;FL1834;United States;11-03-2024 16:22
Emily Henry;FL5017;India;11-02-2025 16:33
Natasha Wade;FL1239;Brazil;02-03-2024 15:14
Paul Elliott;FL1348;United States;15-05-2024 21:06
Nathan Jackson;FL1843;Mexico;03-06-2025 23:40
Kenneth Garner;FL9463;India;22-12-2023 21:46
Nicole Preston;FL6738;Germany;09-07-2025 19:30
Michael Ferguson;FL2159;Japan;12-01-2025 6:42
Brian Adkins;FL2429;Japan;22-02-2024 10:10
Jason Jackson;FL1070;Germany;07-01-2024 3:56
Dominique Ryan;FL9276;Germany;10-03-2024 17:31
Paul Fitzgerald;FL7402;Japan;28-01-2024 8:06
Aimee Young;FL8115;United States;02-11-2023 22:46
Rebecca Wilson;FL3986;Argentina;04-05-2025 13:25
Kimberly Forbes;FL2806;Germany;01-07-2024 11:22
Jamie Rivas;FL3296;Japan;21-04-2024 21:17
Robert Price;FL7509;Canada;07-09-2024 6:06
Lauren Sanders;FL2497;United States;03-01-2024 17:29
Matthew Black;FL1249;Mexico;26-02-2025 2:19
Steven Rodriguez;FL4700;Argentina;16-10-2024 13:22
Raymond Owen;FL4204;China;05-12-2023 7:13
Courtney Salazar;FL6890;Russia;04-04-2024 5:30
Danielle Hall;FL4449;Mexico;06-05-2024 20:33
Christopher Edwards;FL6074;Brazil;29-12-2024 12:57
Rachel Tran;FL1110;Brazil;26-04-2024 4:56
Ryan Williams;FL5068;Japan;09-10-2024 10:18
Rachel Smith;FL5084;Russia;18-10-2023 11:11
Heather Martinez;FL5100;Brazil;04-06-2024 3:00
Harry Murillo;FL5812;Japan;19-01-2025 23:55
Sean Briggs;FL8804;Mexico;22-01-2025 17:38
Grace Arnold;FL4178;Argentina;06-05-2025 9:11
Robert Davis;FL5123;Russia;12-05-2025 23:08
Sean Harris;FL5124;Russia;18-09-2023 23:36
Caitlin Wallace;FL6909;China;24-03-2025 7:26
Richard Rios;FL8928;Argentina;20-09-2023 17:46
Alexis Torres;FL4333;Canada;08-10-2024 11:23
Dean Peterson;FL1139;Russia;22-09-2023 8:13
Nathan Bryant;FL2571;Mexico;15-07-2024 8:32
Nancy Hawkins;FL1157;Germany;03-01-2024 14:29
Mark Wright;FL2819;Germany;19-04-2025 2:48
Michelle Woods;FL4276;Germany;08-12-2024 7:31
Autumn Hart;FL8651;Argentina;02-08-2025 14:54
Connie Lawson;FL6616;Brazil;08-08-2024 12:26
Shannon Wade;FL1952;Russia;29-04-2025 12:56
Allison Avila;FL1385;Japan;26-10-2024 3:22
Jennifer Norris;FL6368;China;05-09-2023 2:10
Marilyn Boyd;FL6650;Canada;07-03-2025 10:46
Savannah Osborne;FL6479;Canada;14-10-2023 20:39
Michelle Blankenship;FL4945;Germany;11-01-2025 12:55
Tammy Zavala;FL8079;Argentina;18-06-2024 5:07
Joel Jenkins;FL2167;Mexico;06-06-2025 22:53
Thomas Pham;FL1587;Germany;31-10-2023 10:47
Michelle Roberts;FL9340;Japan;06-05-2024 11:11
Nicholas Jones;FL6939;Germany;05-01-2025 10:48
Daniel Parrish;FL9688;India;21-02-2025 1:58
Stephanie Graves;FL7704;Argentina;28-01-2025 13:44
Denise Williams;FL2359;Mexico;08-02-2024 22:05
Matthew Brown;FL3994;Germany;13-03-2024 19:58
Robin Lewis;FL3838;India;21-06-2024 0:05
David Flowers;FL2131;Mexico;18-06-2024 19:02
Kimberly Soto;FL1564;Canada;08-04-2024 19:39
Larry Crawford;FL2265;Mexico;23-04-2025 20:31
Diane Roman;FL1060;Germany;21-05-2024 23:01
Cheryl Daniels;FL5758;China;09-11-2024 10:09
Jill Garcia;FL1024;Canada;20-11-2023 17:44
Alison Moss;FL6751;Brazil;22-01-2024 22:25
Nathaniel Webb;FL4705;China;17-08-2024 8:03
Seth Cole;FL7227;Germany;07-01-2024 15:41
Lorraine Castro;FL2758;United States;09-10-2023 20:48
Shannon Richards;FL8604;Germany;18-02-2025 17:53
Cynthia Shaw;FL7612;Brazil;03-12-2024 7:50
Janet Landry;FL3104;Russia;02-04-2024 20:25
Joshua Walker;FL6135;Germany;17-02-2024 7:40
Alisha Collins;FL9044;India;27-05-2025 18:49
Timothy White;FL9567;United States;31-12-2023 11:05
Brandon Brennan;FL8094;Argentina;11-05-2024 19:39
Elizabeth Singh;FL8975;Germany;31-08-2023 3:38
Donald Heath;FL9664;Russia;24-05-2025 8:42
Haley Cooper;FL2049;Russia;04-07-2025 20:51
Travis Hancock;FL9387;Argentina;17-08-2025 14:33
Rebecca Hanson;FL1369;Japan;04-12-2024 5:53
Susan White;FL7622;India;20-12-2024 12:38
Mary Franklin;FL3827;Germany;02-08-2024 0:42
Brittany Wilson;FL6361;Japan;08-10-2023 10:55
Joshua Johnson;FL7230;Germany;09-06-2025 7:36
Jeremiah Rodriguez;FL2632;Mexico;12-04-2024 0:47
Robert Salazar;FL5997;India;25-09-2023 4:29
Raymond Jones;FL4524;Canada;13-11-2023 12:00
James Williams;FL8342;United States;25-05-2024 23:29
Caitlin Harper;FL9802;India;21-02-2024 3:04
Krystal Smith;FL8826;Mexico;29-07-2024 2:58
Ryan Thornton;FL4668;Canada;19-12-2024 17:05
Laura Kidd;FL8608;Germany;02-07-2024 17:01
Mary Ferguson;FL7816;Argentina;01-02-2024 8:13
Jennifer Bryan;FL7161;Russia;16-10-2024 14:25
Joshua White;FL8865;Germany;01-06-2025 6:24
Michael Burton;FL2874;Russia;18-01-2024 6:44
Bradley Irwin;FL8394;Germany;09-10-2024 6:39
Sara Taylor;FL6244;India;25-08-2023 18:34
Martha Bennett;FL1277;India;17-04-2024 4:46
William Bates;FL3123;Japan;12-01-2024 20:42
Gerald Wolfe;FL9398;Japan;18-11-2023 8:40
Jessica Rubio;FL7931;Russia;01-02-2024 19:15
Deanna Cochran;FL9333;Canada;26-07-2025 1:59
Ian Smith;FL5812;China;11-11-2024 11:48
Jade Price;FL7295;Brazil;24-09-2024 12:28
James Navarro;FL4421;Argentina;29-05-2024 10:49
Richard Alexander;FL3116;Russia;25-07-2025 14:48
Betty Barnes;FL4794;Mexico;02-12-2024 15:51
John Gamble;FL5182;Russia;16-01-2025 11:06
Vanessa Deleon;FL8277;Germany;22-08-2024 12:13
Stephanie Contreras;FL6604;India;02-03-2024 1:10
Jennifer Perez;FL7355;Japan;18-02-2025 1:34
Nicole Lewis;FL6179;Mexico;27-03-2025 13:29
Tracy Stephens;FL3798;Argentina;27-09-2024 9:40
Monica Walker;FL8349;Japan;25-03-2025 17:02
William Johnson;FL8615;Mexico;07-05-2025 15:58
Joshua Jacobs;FL8114;India;27-05-2025 18:14
Joshua Fernandez;FL2215;Mexico;01-06-2025 23:20
Jennifer Malone;FL2874;Germany;23-11-2023 12:56
Chad Fuller;FL1919;Germany;18-06-2025 23:06
Cole Morrison;FL8056;Mexico;22-10-2023 20:24
Julian Lawrence;FL1253;Mexico;04-11-2023 20:04
Jennifer Huang;FL4270;Germany;17-04-2025 5:38
Melanie Carroll;FL8561;Japan;15-07-2025 11:52
Melanie Miller;FL9481;India;10-05-2025 14:21
Jason Rivera;FL8588;Brazil;21-03-2024 1:18
Judith King;FL8475;Argentina;29-07-2025 23:28
Kelsey Kerr;FL8437;Argentina;29-03-2025 9:42
Nathaniel Gillespie;FL3052;Germany;19-11-2024 16:34
Sierra Phillips;FL2567;United States;08-07-2025 13:48
Priscilla Johnson;FL8085;Canada;23-05-2025 19:25
John Mcintyre;FL2494;Germany;28-05-2024 6:51
Glenn Ellison;FL1457;Mexico;27-07-2024 23:34
John Goodman;FL5008;Germany;20-11-2024 21:22
Susan Moore;FL7341;Canada;02-03-2024 9:10
Abigail Burton;FL4885;Russia;19-10-2024 2:24
Leslie Johnson;FL9453;Russia;17-11-2024 11:48
Angela Swanson;FL1358;Japan;23-04-2024 6:17
Jennifer Carson;FL7782;India;27-05-2025 13:54
Robert Lopez;FL2683;Japan;11-05-2025 21:16
Natalie Adams;FL6477;Canada;04-09-2024 18:26
Theresa Baker;FL6640;Argentina;08-08-2025 0:51
Jessica Sanchez;FL9387;Brazil;31-12-2023 0:16
Sonya Holland;FL5778;Canada;11-09-2023 23:40
Samuel Adams;FL1778;Canada;03-07-2025 8:04
Ashley Williams;FL8947;China;28-11-2024 22:51
Jeffery Jones;FL1508;India;17-04-2025 9:10
Jared Lam;FL2896;Canada;18-10-2024 22:44
Jennifer Williams;FL5443;United States;29-12-2024 7:34
Phillip Martin;FL8594;Canada;17-10-2024 11:21
Rebecca Osborne;FL5607;Russia;23-11-2024 0:07
Jon Martinez;FL7722;Japan;27-07-2025 20:31
David Brandt;FL7508;Mexico;21-05-2024 0:31
Cody Meyer;FL5457;Mexico;09-10-2023 23:32
Michael Hester;FL6365;Germany;21-12-2023 13:30
Keith Haynes;FL1722;Japan;06-12-2024 20:13
Diane Reese;FL3396;Germany;05-12-2023 1:42
Daniel Carr;FL9220;Canada;21-12-2023 0:52
Shane Schmidt;FL7561;India;05-02-2025 1:11
Dana Contreras;FL8689;Russia;24-07-2025 13:12
Ann Matthews;FL9864;Germany;31-05-2024 8:02
Andrea Stewart;FL7699;Mexico;10-01-2025 7:05
John Williams;FL8624;Mexico;30-06-2024 5:21
Katherine Pennington;FL7711;Germany;24-05-2025 23:01
Shawn Thomas;FL7008;Japan;09-09-2023 6:22
Albert Sanchez;FL8684;Brazil;10-05-2025 10:17
Stacey Cox;FL5294;China;24-04-2024 9:47
Joshua Cox;FL5795;China;09-07-2025 20:34
Aaron Davis;FL2816;Canada;13-02-2025 15:53
Cory Fowler;FL2762;Brazil;03-08-2025 10:31
Jennifer Martinez;FL1073;Mexico;22-06-2025 10:03
Kevin Tucker;FL2398;Russia;29-09-2023 12:48
Erik Rivera;FL3632;Mexico;05-04-2024 0:40
Monica Brown;FL7337;Japan;11-04-2024 9:53
Benjamin Hodge;FL6035;Japan;03-03-2024 18:12
Debbie Mann;FL5408;Russia;24-02-2025 5:46
Stuart Barajas;FL2133;Canada;04-04-2025 4:10
Robert Washington;FL4905;Canada;27-03-2025 5:18
James Kim;FL9982;Argentina;08-08-2024 22:56
Joseph Rodriguez;FL1822;India;08-10-2024 2:38
Monica Williams;FL4041;China;01-03-2025 10:03
Jonathan Johnson;FL7302;United States;15-04-2024 20:28
Shane Mcdowell;FL2410;Germany;25-09-2023 9:18
Lisa Lucas;FL9291;Brazil;12-12-2023 6:04
Kelly Kirby;FL1307;United States;07-11-2023 5:56
Lisa Harris;FL5136;Argentina;16-05-2024 1:26
Kurt Johnson;FL1978;Russia;29-08-2023 0:41
Gary Clark;FL1467;Brazil;21-07-2025 18:50
Thomas Miller;FL3542;India;15-04-2024 6:17
Eric Burton;FL3945;Brazil;07-08-2025 23:47
Andrew House;FL5910;Mexico;25-02-2025 8:53
Ryan Morris;FL7266;Japan;15-10-2024 0:11
George Ellis;FL9696;Russia;16-09-2023 20:59
Joseph Johnson;FL7201;India;10-04-2025 9:33
James Bush;FL6304;Argentina;23-12-2024 1:19
Levi Smith;FL1534;Germany;18-07-2025 13:24
Jesse Lucas;FL9589;Argentina;27-03-2025 15:53
Adam Hopkins;FL1421;China;16-07-2024 6:08
Diana Garza;FL3780;Japan;01-03-2025 19:38
Casey Miller;FL6043;Canada;20-10-2024 23:29
Cameron Wheeler;FL9541;India;04-01-2025 6:18
Andre Brewer;FL1039;Mexico;06-01-2024 19:05
Katie Hunt;FL6024;India;18-03-2024 2:39
Andrew White;FL4013;Canada;26-04-2024 7:45
Christopher Curry;FL2320;Germany;04-02-2024 0:02
Ryan Kemp;FL1751;Japan;04-01-2024 23:52
Michael Mccullough;FL2968;Canada;11-05-2025 11:42
Christian Williams;FL5214;China;07-02-2024 6:47
Ian Robinson;FL4640;Mexico;14-02-2025 8:18
Cynthia Haley;FL7635;China;15-01-2025 5:47
Ryan Smith;FL3154;Canada;12-10-2024 17:30
Jacqueline Coleman;FL1108;China;21-06-2024 21:03
Christine Chapman;FL9347;Brazil;16-11-2024 10:31
Trevor Caldwell;FL6510;Canada;27-01-2024 9:47
Brad Frank;FL6256;India;17-08-2024 13:33
Sabrina Ramirez;FL6532;China;20-03-2025 0:43
Emily White;FL8442;Japan;04-02-2024 1:06
Robin Miller;FL9839;China;28-06-2024 17:38
Austin Knox;FL9402;Brazil;11-11-2024 21:21
Yvonne Smith;FL7440;Russia;24-03-2024 16:49
Dakota Joseph;FL7486;China;29-03-2024 17:30
John Lloyd;FL2144;United States;29-06-2024 18:44
Joel Tapia;FL9884;China;17-05-2024 11:56
John Jones;FL5271;India;22-02-2024 3:19
Richard Welch;FL2891;Argentina;25-08-2024 4:55
Meghan Rodriguez;FL4581;China;05-11-2023 17:34
Elizabeth Mcdonald;FL6173;Japan;05-10-2024 3:07
Carmen Reynolds;FL8712;United States;11-08-2025 16:45
Eric Hudson;FL4034;United States;05-07-2024 8:41
Samantha Brown;FL8579;Argentina;30-11-2023 15:41
Brandon Wilson;FL8706;China;19-06-2024 2:56
Denise Hogan;FL8160;China;30-08-2024 3:54
Kara Wagner;FL7747;China;12-01-2025 19:18
Donna Shannon;FL3810;India;20-09-2024 21:06
Wendy Bell;FL3019;Japan;01-08-2025 7:52
Bryan Osborne;FL1698;China;21-03-2024 3:08
Mark Ruiz;FL5930;Canada;18-09-2023 17:31
Lynn Wells;FL5246;United States;15-06-2024 18:35
David Liu;FL4327;China;30-12-2024 16:23
Andrew Bryant;FL6314;Russia;10-06-2025 23:11
James Harmon;FL2264;Brazil;10-12-2023 4:09
Raymond Sims;FL7613;Brazil;06-09-2024 0:56
Julie Davis;FL5073;Russia;05-02-2024 21:50
Victor Rangel;FL2802;Russia;06-07-2025 2:38
Kathryn Brooks;FL7456;United States;24-01-2025 15:56
Tyler Lowe;FL9122;Japan;02-12-2024 22:34
Timothy Wolfe;FL1889;China;08-09-2023 10:08
Steven Thomas;FL7660;Argentina;31-07-2024 2:04
Billy Gonzalez;FL7010;Argentina;22-06-2024 0:07
Stephen Hamilton;FL2701;Japan;28-11-2024 0:18
Eileen Eaton;FL7001;Brazil;10-08-2025 7:13
Charles Hill;FL5721;Japan;20-02-2025 14:04
Alexander Smith;FL9088;Germany;08-10-2023 13:40
Antonio Fletcher;FL9751;Brazil;13-01-2024 15:23
Elizabeth Bell;FL4008;United States;31-10-2023 19:39
John Smith;FL4415;India;01-05-2024 5:06
Charles Galvan;FL2846;India;29-09-2023 17:26
Brittany Cisneros;FL3210;China;03-10-2024 4:18
Carla Shields;FL3777;India;01-01-2024 11:31
Sarah West;FL8652;China;13-09-2023 13:16
Eric Rodgers;FL9693;Brazil;16-06-2025 7:16
Pedro Gilbert;FL8938;Canada;18-03-2025 18:43
Jose Davis;FL7919;Argentina;02-05-2024 16:41
Mike Coleman;FL5347;Japan;06-04-2024 9:52
Troy Riddle;FL9154;India;05-02-2024 15:58
Christopher Pham;FL3733;Argentina;20-03-2025 10:33
Cory Powers;FL1806;Brazil;08-11-2024 18:51
Laura Cain;FL2351;Mexico;16-12-2024 2:37
Karen Campbell;FL5476;Argentina;04-06-2025 16:02
John Berg;FL9459;China;22-01-2025 6:21
Todd Johnson;FL4806;Russia;14-03-2025 14:43
Hunter Ritter;FL8774;United States;28-03-2025 18:29
Michelle Nelson;FL2375;Argentina;31-05-2024 16:37
Patricia Chen;FL7427;Japan;26-09-2023 21:26
Pamela Carter;FL7593;Germany;31-01-2025 9:18
Derek Soto;FL7611;China;14-01-2025 1:56
Patricia Smith;FL5202;Japan;08-06-2024 1:34
Michele Savage;FL1830;Argentina;25-03-2025 11:07
Thomas Adams;FL2389;Japan;24-08-2024 3:58
Ian King;FL7971;Germany;07-07-2024 3:47
Vanessa Dunn;FL3899;United States;29-08-2023 4:25
Mark Harris;FL6718;Germany;14-04-2024 6:05
Nicole Hill;FL3461;Mexico;23-03-2024 13:11
John Olsen;FL6858;Japan;07-03-2024 10:33
Vanessa Robles;FL8423;Germany;28-09-2023 22:37
Matthew Mclaughlin;FL3704;Brazil;16-11-2023 20:14
Gary Foster;FL5037;Argentina;08-11-2024 11:56
Kyle Robinson;FL9513;Brazil;17-01-2024 8:32
April Thompson;FL5375;Japan;30-10-2023 12:47
Tina Berg;FL2322;Russia;01-10-2024 5:01
Karen Edwards;FL2236;Brazil;18-04-2025 14:51
Joseph Mccarty;FL2329;India;11-01-2025 1:53
Jeremy Johnson;FL3548;Mexico;30-01-2024 17:13
Jennifer Johnson;FL1060;Russia;15-12-2024 15:08
Jon Padilla;FL9799;India;03-08-2025 20:12
Zachary Kelly;FL6391;Argentina;10-01-2024 21:30
Douglas Wilson;FL1621;Russia;07-07-2024 7:32
Katrina Grant;FL2199;Brazil;01-03-2025 18:32
Scott White;FL7466;United States;13-07-2025 16:47
Tammy Campos;FL2512;Germany;09-03-2025 12:05
David Henson;FL3465;Germany;19-01-2024 12:34
Patricia Stevens;FL5057;Japan;17-12-2023 1:23
Heather Davis;FL5122;United States;15-02-2025 13:23
Mary Stone;FL2265;Canada;07-04-2025 16:01
Claudia Adams;FL6108;Russia;24-09-2024 14:50
Danielle Wang;FL1350;India;02-07-2025 4:04
John Johnson;FL1300;Russia;30-04-2025 3:06
Noah Graham;FL3598;Russia;30-05-2024 1:44
Trevor Brown;FL2437;United States;03-12-2024 22:59
James Lewis;FL6698;Argentina;24-01-2025 22:50
James Douglas;FL5298;United States;21-11-2023 20:33
James Dominguez;FL3206;United States;13-01-2025 23:22
Erin Hopkins;FL2350;Canada;18-10-2023 15:15
Deborah Rocha;FL9668;Germany;15-07-2024 11:51
Andrew Powell;FL3359;Germany;26-02-2025 2:11
Norma Ward;FL6718;Mexico;13-02-2025 6:31
Kristopher Patel;FL1955;Japan;09-01-2024 20:05
Michelle Wright;FL6830;Japan;29-06-2024 15:20
Michael Williams;FL6193;Germany;01-03-2024 0:35
Sara Thomas;FL4212;Brazil;24-04-2024 10:40
Monica Rodriguez;FL3057;Russia;18-08-2024 22:47
David Collier;FL5896;Germany;22-09-2024 12:59
Paula Kelly;FL5286;Japan;26-02-2025 13:58
Ashley Martinez;FL6199;Mexico;21-05-2025 20:26
John Stout;FL5350;Mexico;03-08-2025 3:06
Ann Jordan;FL7822;Brazil;30-12-2023 23:04
Kelsey Lee;FL4450;United States;26-11-2023 16:56
Robert Mercado;FL5196;Germany;04-07-2025 12:45
Vanessa Colon;FL1257;Germany;15-08-2024 6:30
Michelle Long;FL9099;Brazil;20-04-2025 6:48
Ashley Morrison;FL1645;United States;17-11-2024 15:37
Emily Warren;FL9862;China;22-06-2024 23:35
Jeffrey Hayden;FL9737;Russia;23-12-2023 23:50
Fernando Whitehead;FL5925;Canada;15-05-2024 20:57
Christopher Ferguson;FL5056;Japan;14-05-2024 0:07
Joshua Johnson;FL6356;Russia;09-09-2023 12:41
Jamie Foster;FL2901;Canada;21-08-2023 17:26
George Mason;FL1577;Argentina;21-03-2024 1:50
Sharon Obrien;FL9565;Argentina;29-11-2024 19:35
Tony Jackson;FL8499;China;29-12-2024 18:35
Paul Nelson;FL7431;India;31-07-2024 7:02
Scott Miller;FL8258;India;09-03-2025 15:36
Janice Powell;FL8251;China;25-11-2024 10:05
Bryan Johns;FL6151;Russia;30-07-2025 19:13
Chad Crane;FL6757;Germany;06-04-2024 10:19
Kristin Burke;FL6172;India;24-05-2025 8:16
James Weber;FL1207;Canada;01-10-2024 10:26
Jennifer Rose;FL6183;United States;22-07-2024 9:36
Alexander Hill;FL3932;China;31-12-2023 9:26
Christopher Dickerson;FL1378;Russia;05-08-2024 9:16
Micheal Robertson;FL6392;Mexico;24-03-2025 23:19
Adriana Parsons;FL6922;Brazil;11-03-2025 4:13
Dawn Sparks;FL4275;Canada;29-06-2025 6:04
Kenneth Gonzalez;FL1485;India;10-05-2025 3:46
Kevin George;FL1235;Germany;03-06-2025 2:35
Paula Scott;FL6445;Argentina;07-09-2024 2:08
Elizabeth Thompson;FL9466;Brazil;03-05-2025 1:56
Tiffany Pennington;FL5876;United States;25-09-2023 12:00
Debbie Stewart;FL8946;Germany;25-03-2025 2:17
Julie Clay;FL8972;Germany;30-03-2025 0:38
Kristina Montgomery;FL2694;India;17-10-2023 13:25
Harold Anderson;FL7578;United States;22-02-2025 23:51
Christina Cook;FL2862;Canada;27-10-2023 10:10
David Kane;FL7286;Germany;17-07-2025 1:19
Karen White;FL8387;Mexico;18-10-2023 3:40
Ronnie Rodgers;FL5115;Mexico;30-06-2025 1:04
Rose Stewart;FL8948;Japan;14-02-2025 20:03
Victor Holden;FL5496;Brazil;17-07-2024 18:11
Amanda Vazquez;FL4616;Argentina;20-08-2023 20:31
Amanda Miller;FL7020;Germany;04-10-2024 5:35
Joseph Alexander;FL6748;Brazil;14-04-2025 18:32
Rebecca Lawson;FL2584;China;23-06-2024 10:51
Randall Alexander;FL1297;India;17-03-2025 8:56
Nicole Barajas;FL9109;Argentina;01-04-2024 14:23
Rachel Williams;FL5945;Argentina;17-04-2024 21:22
Carlos Miller;FL5124;Argentina;08-11-2024 16:43
Corey Ellis;FL7065;Canada;23-09-2024 13:16
Lisa Martinez;FL5498;United States;05-09-2024 19:36
Martin Thomas;FL4295;India;18-02-2024 17:42
Jessica Leach;FL7972;India;22-08-2024 12:56
Jeremy Matthews;FL4788;Brazil;05-02-2024 13:36
Amy Suarez;FL3469;Brazil;10-07-2024 22:29
Teresa Mitchell;FL2160;Mexico;29-11-2024 4:38
Elizabeth Fuller;FL4446;Germany;13-06-2025 1:34
Donna Lewis;FL2406;Argentina;10-04-2025 15:27
Tonya Francis;FL9607;Canada;16-08-2025 16:08
James Smith;FL9322;Russia;08-07-2024 18:10
Anthony Delgado;FL9549;India;27-01-2025 2:58
Karen Humphrey;FL1269;Russia;03-04-2024 0:26
Emma Oliver;FL1882;China;26-04-2024 19:46
Joshua Wallace;FL7499;Canada;27-11-2023 10:44
Eric Bennett;FL3925;Germany;25-05-2025 4:26
Christopher King;FL5341;Mexico;06-12-2024 14:46
Matthew Hamilton;FL9224;Russia;20-12-2024 6:32
Martin Ware;FL7433;Mexico;28-08-2024 15:15
Kathleen Johnson;FL2447;Canada;27-03-2025 19:03
David Campbell;FL6621;India;18-05-2025 1:01
Cody Blackburn;FL1342;Argentina;07-01-2025 19:19
Eric Wilkerson;FL4554;Argentina;16-06-2025 21:44
Kaylee Lambert;FL2460;United States;14-04-2024 9:12
Daniel Quinn;FL5418;Mexico;18-12-2023 15:54
Alyssa Turner;FL2446;China;19-06-2025 18:06
Sean Vargas;FL1114;Japan;15-05-2025 11:47
Lindsay Smith;FL4442;Japan;24-08-2024 20:44
Vicki Foley;FL7515;Argentina;15-06-2025 11:19
Dean Hodges;FL8651;Russia;29-05-2025 21:07
David Chang;FL3666;Argentina;05-10-2024 20:07
Johnathan Glover;FL8264;Mexico;14-08-2025 11:41
Sierra Fletcher;FL8998;United States;12-08-2024 0:49
Crystal Parker;FL5783;China;10-05-2025 22:45
Martha Tate;FL9230;Japan;07-02-2024 15:51
Curtis Watson;FL6779;Germany;28-07-2025 20:43
Kevin Stone;FL9388;United States;07-08-2024 12:17
Steven Dickson;FL1771;India;15-06-2025 3:57
Randall Lopez;FL2252;Russia;25-11-2024 13:43
Julie Foster;FL3160;Russia;09-06-2025 12:39
Jeremy Simon;FL2252;India;26-12-2023 5:18
William Joseph;FL6033;Mexico;03-12-2024 6:40
Renee Payne;FL9814;Canada;18-09-2023 2:10
Ashley Phillips;FL1450;Russia;08-09-2023 19:17
Jennifer Brown;FL7537;Mexico;11-07-2024 10:36
Robert Howard;FL3567;Japan;11-08-2025 8:15
David Lewis;FL7362;United States;21-10-2023 11:08
Adam Brooks;FL2029;Mexico;23-10-2023 4:40
Stuart Park;FL5506;Japan;15-01-2025 19:54
Brian Lang;FL3611;Brazil;04-07-2024 12:49
Thomas Mcclure;FL4733;India;29-09-2024 21:05
Brandon Meyer;FL3777;Canada;16-09-2023 23:36
Christopher Miller;FL6360;Canada;23-08-2023 23:30
Leslie Dixon;FL8647;Russia;31-07-2024 4:48
Rebecca Willis;FL2156;India;04-03-2024 17:48
Tiffany Foster;FL4909;Germany;30-10-2024 14:50
Megan Caldwell;FL1282;India;13-09-2023 12:41
Melanie Malone;FL2653;Mexico;06-07-2024 9:31
Taylor Lopez;FL1559;Mexico;12-11-2023 20:17
Patricia Johnson;FL4153;Japan;04-04-2025 22:58
Tracy Schultz;FL4900;China;30-10-2023 23:36
Jason Turner;FL8893;Brazil;15-08-2025 7:34
Alicia Guerrero;FL1231;India;25-05-2024 0:12
Christian Lopez;FL7889;Brazil;16-07-2024 19:13
Nicole Payne;FL8226;India;07-06-2025 17:48
David Walton;FL8280;China;18-08-2025 16:38
Angela Hawkins;FL3860;Russia;23-02-2025 21:10
Samantha Walters;FL3027;India;27-07-2025 15:12
Christine Barry;FL1096;Japan;31-03-2024 16:43
Daniel Clark;FL2649;Germany;31-08-2023 5:43
David Rodgers;FL2345;Argentina;11-06-2025 22:05
Richard Murray;FL7082;United States;03-12-2024 1:32
Anthony Wilson;FL1541;China;17-07-2025 15:37
Beth Espinoza;FL2064;Brazil;25-04-2024 4:31
Emily Wolfe;FL6501;Mexico;25-02-2025 1:47
Dawn Ruiz;FL8960;Russia;07-09-2023 12:35
Diane Lin;FL7074;Germany;17-03-2024 6:39
Sarah Ortega;FL3331;India;23-06-2024 5:34
Curtis Key;FL8546;Germany;27-07-2025 14:39
James Mata;FL6998;China;10-08-2025 2:16
Leah Lawrence;FL3445;United States;30-01-2024 8:18
Ebony Webster;FL7455;Russia;05-11-2024 13:56
Joshua Martinez;FL2282;China;04-10-2023 21:29
Adam Weaver;FL5529;Japan;02-01-2025 6:21
Troy Garza;FL8565;China;04-07-2025 1:34
Jessica Bradley;FL4627;China;15-08-2025 3:51
Jonathan Ward;FL2647;United States;02-07-2024 10:55
Angela Johns;FL2575;Brazil;22-01-2025 4:05
Samuel Robinson;FL5349;China;24-03-2024 5:24
Courtney Logan;FL4648;China;12-11-2023 23:59
Kenneth French;FL6359;Brazil;05-04-2024 13:28
Joshua Washington;FL9210;India;28-05-2024 12:59
Brandon Evans;FL3855;Japan;03-08-2025 9:00
Jose Mcdonald;FL9477;Canada;31-08-2023 4:49
Michael Ford;FL8252;Canada;11-01-2025 17:58
Adam Clements;FL9534;United States;12-09-2024 14:32
Veronica Gill;FL9554;United States;21-09-2024 4:31
Walter Perez;FL4333;India;14-01-2024 22:38
Marcus Long;FL7499;Canada;10-09-2023 12:37
Crystal Wells;FL6253;Japan;11-05-2025 7:29
David Olson;FL8247;Argentina;23-02-2025 23:21
Travis Jacobs;FL9085;Russia;20-11-2023 14:40
Sheila Snow;FL4602;India;10-12-2024 16:39
Dennis Munoz;FL6843;Germany;10-05-2025 17:37
Joyce Harvey;FL3531;Argentina;11-08-2024 2:28
Bradley Mckinney;FL7251;India;08-03-2025 8:32
Daniel Barnes;FL9737;Argentina;02-08-2024 15:45
Cindy Dominguez;FL5706;Japan;22-06-2024 7:15
Scott Carpenter;FL3414;Canada;03-11-2024 8:49
Justin Gillespie;FL1649;Canada;13-08-2025 22:22
Charles Steele;FL7188;Russia;14-09-2023 16:31
Kelly Clark;FL6013;Brazil;09-09-2024 14:06
Cory Ray;FL1498;India;17-09-2024 19:35
Justin Bradley;FL6339;United States;24-10-2023 7:50
Emily Norman;FL7144;Japan;16-07-2025 5:25
Heather Harvey;FL6056;Mexico;25-09-2023 1:43
Kimberly Sullivan;FL9833;Japan;21-06-2024 19:53
Michele Smith;FL8908;India;02-01-2025 10:52
Stacie Gonzalez;FL2222;Argentina;12-10-2023 15:43
Rebecca Edwards;FL4213;United States;01-09-2024 0:44
James Harris;FL5943;Brazil;25-06-2024 6:47
Laurie Gallagher;FL1883;United States;02-02-2025 7:39
Amanda Mcclure;FL9272;United States;15-12-2024 0:55
Diane Pruitt;FL9370;China;29-12-2024 6:54
Desiree Smith;FL4858;United States;20-09-2023 9:55
Susan Thomas;FL4456;Canada;04-02-2024 1:55
Mary Fox;FL3419;India;25-11-2024 20:57
Linda Gomez;FL6570;Germany;12-01-2024 19:06
Samantha Yates;FL2063;Argentina;29-09-2024 18:07
James Adams;FL7361;Russia;25-09-2023 20:19
Kyle Rich;FL4631;India;03-10-2023 19:26
Arthur Bennett;FL9547;India;25-05-2024 6:16
Martin Santana;FL8358;China;28-02-2024 16:33
Tina Cannon;FL7171;China;01-06-2024 18:47
James Cook;FL2602;Argentina;16-06-2024 10:32
Derek Romero;FL5300;United States;14-04-2024 8:10
Stacy Kelly;FL1025;Argentina;12-05-2024 23:55
Traci Johnson;FL4840;Brazil;17-07-2024 20:35
Lauren Davis;FL4255;China;12-02-2025 17:59
John Jenkins;FL2507;Germany;14-10-2024 21:30
Patricia Mann;FL6908;Brazil;18-10-2024 9:10
Amanda Nguyen;FL3162;Russia;27-08-2024 6:41
Kim Baldwin;FL5939;Brazil;24-09-2024 6:56
Joshua Garcia;FL2389;Argentina;24-11-2024 3:25
Kaylee Smith;FL3925;Germany;07-01-2025 13:21
Chad King;FL4070;Russia;19-01-2024 13:57
Jerry Howe;FL2220;Germany;16-06-2024 17:44
Lisa Coleman;FL2921;China;06-04-2025 6:23
Carla Jackson;FL3695;Brazil;04-12-2023 2:46
William Woodard;FL1634;Germany;27-11-2024 13:29
Jason Moore;FL4709;Germany;07-07-2024 4:38
Lynn Wilcox;FL6366;Argentina;14-08-2024 6:11
Tonya Nelson;FL9561;China;07-05-2025 6:02
Michelle Anderson;FL7575;Japan;19-11-2023 5:10
Robert Smith;FL4266;Russia;25-09-2024 17:36
Amy Roberts;FL3525;Mexico;09-02-2025 14:42
Brandon Williams;FL9729;Japan;24-08-2023 6:12
Victoria Mcbride;FL9829;Argentina;04-06-2024 1:40
Cassandra Weaver;FL9377;United States;12-02-2024 9:17
Stacey Calderon;FL1822;United States;05-02-2025 10:19
Victoria Davis;FL5208;Germany;16-05-2025 21:34
Sandra Hardin;FL9867;Japan;19-12-2024 8:35
James Benson;FL5053;Japan;03-09-2023 1:35
Karl Gregory;FL3765;United States;21-12-2024 14:07
Deborah Green;FL7238;United States;16-05-2024 9:46
Francisco Cook;FL1690;India;30-03-2025 9:02
Jessica Wilkerson;FL3349;Germany;17-07-2024 10:16
Juan Harris;FL4631;Brazil;10-12-2023 18:57
Jennifer Bennett;FL9566;China;09-06-2024 23:46
Matthew Olson;FL8968;India;14-01-2025 12:05
Matthew Orr;FL3371;Japan;08-02-2025 19:02
Jack Moore;FL2622;Argentina;08-04-2024 0:22
Melissa Perry;FL4398;Germany;28-03-2025 16:06
Tiffany Tyler;FL2685;India;21-05-2025 5:49
John Martinez;FL5797;Germany;20-10-2023 21:56
Cynthia White;FL7339;Japan;03-03-2025 2:06
Molly Horton;FL4587;Mexico;29-04-2025 4:38
Katherine Phillips;FL5379;United States;23-05-2025 13:00
William Mclaughlin;FL2334;Mexico;14-07-2024 23:14
Johnny Villegas;FL8927;United States;14-08-2025 0:49
Steven Adams;FL7578;Germany;26-01-2025 14:57
Melissa Franco;FL7991;Mexico;14-10-2024 10:18
Victoria Jones;FL4118;Germany;09-01-2024 8:51
Catherine Hamilton;FL1776;Russia;05-09-2023 19:43
Christopher Harris;FL1448;Argentina;25-06-2024 6:15
Sarah Foley;FL6609;Russia;14-07-2024 21:05
Robert Odonnell;FL7015;Mexico;17-07-2024 1:10
Angelica Harvey;FL8297;Canada;21-03-2025 3:04
Heather Wallace;FL5095;Japan;22-01-2025 2:42
Lindsay Gardner;FL7225;Germany;20-07-2024 13:54
Todd Ramirez;FL1222;Russia;24-02-2025 22:46
Carol Ferguson;FL2846;Russia;06-10-2024 16:14
Edward Hines;FL9190;China;31-07-2024 7:59
Christopher Dawson;FL6932;Mexico;07-08-2024 3:19
Kelly Greene;FL9459;Canada;22-07-2025 8:48
James Lewis;FL6119;Russia;15-08-2024 4:56
Jacob Sims;FL9049;Japan;09-11-2024 11:23
Mary Huerta;FL8028;Brazil;19-03-2024 10:55
Nicholas Jackson;FL3432;Mexico;22-07-2024 7:26
Deborah Bowen;FL2240;Russia;18-01-2024 19:35
Ruth Jenkins;FL8765;Argentina;21-02-2024 12:19
Kenneth Swanson;FL9077;United States;26-11-2024 23:07
Janice Moore;FL6768;United States;31-10-2024 12:52
Jason Lopez;FL9634;Germany;25-05-2025 21:45
Evan Wilcox;FL4792;Japan;09-06-2025 15:18
Christy Mcgee;FL8672;Russia;13-10-2024 5:23
Jocelyn Watts;FL6173;China;07-02-2025 1:05
Krystal Valdez;FL6575;India;08-05-2025 9:16
Michael Arroyo;FL7738;Argentina;16-02-2025 5:08
Robert Torres;FL6133;Germany;09-12-2023 20:11
Morgan Rowland;FL6831;Argentina;17-03-2024 23:15
Alec May;FL7615;Japan;04-12-2023 23:56
Logan Johnson;FL4563;India;22-11-2024 18:20
Katherine Miller;FL7682;Argentina;15-11-2024 2:15
Christina Edwards;FL4083;Canada;05-10-2023 0:35
Jeffery Evans;FL3930;Russia;15-01-2024 13:37
Edward Lewis;FL5181;Brazil;24-03-2025 23:26
Laura Martin;FL6077;Canada;29-05-2024 0:39
Marc Quinn;FL9318;India;12-12-2023 8:44
Aaron Walker;FL6473;Canada;09-10-2024 10:27
Jennifer Vasquez;FL9972;India;23-12-2024 5:46
Bryan Mcgee;FL2994;Argentina;21-02-2024 10:51
Jeremy Stein;FL5830;Argentina;16-06-2024 1:36
Lauren Santiago;FL6668;United States;10-07-2024 14:16
Rebecca Zamora;FL4805;China;22-03-2024 6:16
Carla Davis;FL4840;Canada;25-11-2023 8:28
Tiffany Chan;FL3928;Mexico;04-12-2023 21:42
Melissa Andersen;FL4527;Argentina;29-01-2025 22:07
Steve Brooks;FL8849;Canada;17-09-2023 16:37
Donna Mcgee;FL8016;India;02-08-2025 14:49
Richard Wright;FL3899;India;26-05-2025 23:05
Gabrielle Lewis;FL9003;Argentina;26-02-2025 8:52
Michelle Humphrey;FL7928;Mexico;10-09-2023 2:55
Glenn Graves;FL9636;United States;03-11-2023 15:56
Jennifer Kelly;FL8510;Russia;17-09-2024 7:21
Kayla Copeland;FL4463;China;20-11-2024 13:52
Kelly Harrison;FL4865;India;14-04-2025 22:51
Kristi Boyer;FL5091;Russia;28-01-2024 8:34
Michelle Garcia;FL8344;Argentina;17-05-2025 23:40
Gabriel Williams;FL6250;Russia;15-04-2025 19:41
Morgan Spears;FL8109;Brazil;14-02-2025 16:11
Tony Walker;FL8699;Germany;22-11-2023 21:37
Ashley Morris;FL4388;Germany;21-04-2024 14:02
Mark Gregory;FL9327;Germany;29-10-2024 19:04
Lisa Wilson;FL5684;Mexico;10-11-2023 20:05
Ricardo Page;FL7670;Argentina;01-08-2024 15:59
Richard Jackson;FL9747;India;03-07-2025 3:33
Rachel Jensen;FL7157;Canada;08-12-2024 1:05
Ashley Clark;FL1211;Argentina;11-01-2024 3:21
Tricia Larsen;FL4880;Mexico;07-01-2024 0:14
Samantha Torres;FL4997;Germany;04-10-2024 22:56
Lorraine Obrien;FL5175;United States;21-09-2023 23:39
James Mayer;FL2689;Canada;05-03-2024 13:36
Brandon George;FL6981;Argentina;02-03-2024 3:20
Ronald Montgomery;FL2263;Brazil;14-07-2024 2:04
John Perez;FL4311;Japan;08-05-2024 2:08
Richard White;FL6334;Japan;15-08-2024 2:22
Aaron Mahoney;FL6545;Russia;15-09-2023 15:58
Mindy Velazquez;FL3014;United States;23-04-2025 9:19
Philip Johnson;FL3194;Mexico;12-12-2023 15:07
Anthony Rivera;FL5053;Russia;05-06-2024 13:19
Tara Cruz;FL2557;United States;29-03-2025 21:11
John Wilson;FL2134;United States;28-01-2024 23:02
Dawn Macias;FL9804;Germany;01-02-2024 0:06
Keith Pittman;FL2239;Argentina;01-02-2025 23:34
Richard Gonzalez;FL3646;Argentina;12-05-2024 0:31
Hannah Harding;FL1081;Brazil;16-09-2023 7:13
Jennifer Rivas;FL6742;Argentina;11-07-2025 8:19
Sheila White;FL4515;Argentina;12-01-2024 10:36
Justin Gutierrez;FL3936;Russia;15-10-2023 13:39
Ashley Franklin;FL1963;Germany;14-03-2024 0:52
John Nunez;FL1879;United States;03-10-2023 3:16
Kathy Lopez;FL4886;China;19-09-2023 14:12
Christian Morales;FL9091;India;02-04-2025 13:04
Charles Ryan;FL9283;Brazil;12-06-2024 21:35
Rebecca Shields;FL1291;Argentina;06-10-2023 7:46
Lisa Brown;FL7773;United States;30-07-2024 12:21
Ronald Pierce;FL6480;Canada;10-06-2024 18:20
Anna Jones;FL6713;Mexico;14-06-2024 23:55
Veronica Gill;FL1647;Russia;24-12-2023 3:03
John Holmes;FL5778;United States;01-12-2024 19:22
Theresa Garza;FL5568;India;26-11-2023 1:39
Mark Perez;FL7994;Mexico;15-04-2024 8:09
Paige Marshall;FL2515;Russia;05-03-2024 9:48
Vincent Hughes;FL3156;China;04-01-2024 20:20
Matthew Giles;FL8838;Russia;11-01-2024 7:17
Beth Smith;FL6970;Canada;20-06-2025 3:22
David Warren;FL1768;Brazil;13-09-2023 17:38
Laura Montgomery;FL4435;Germany;05-01-2024 10:32
Sarah Simon;FL6354;Mexico;20-03-2024 16:05
Stephen Higgins;FL5109;United States;28-07-2024 4:16
David Hampton;FL6100;India;23-10-2024 22:41
Michael Miller;FL5749;Russia;16-11-2024 16:16
Megan Cruz;FL4769;Brazil;27-01-2025 10:52
Taylor Lang;FL9137;India;08-04-2025 3:35
John Pacheco;FL2643;Germany;16-01-2025 20:10
Elizabeth Medina;FL8574;Brazil;23-06-2025 7:38
Sheila Huffman;FL5168;Russia;05-01-2024 16:01
Brandi Stevens;FL2855;India;28-02-2024 12:57
Michael Chapman;FL6118;Germany;21-04-2024 16:41
Kristine Bright;FL2107;China;19-12-2024 3:02
Eric Hartman;FL5667;United States;20-11-2023 23:29
Elizabeth Baldwin;FL3857;Brazil;04-04-2024 21:36
William Edwards;FL3732;Germany;05-10-2024 21:11
Edward Brandt;FL3303;Russia;03-11-2023 7:03
Edward Hines;FL6980;Mexico;24-09-2024 14:24
Belinda Hernandez;FL3031;Japan;25-01-2024 13:14
David Hill;FL6803;Japan;10-04-2024 0:34
Glenda Gregory;FL4631;Brazil;30-04-2025 15:04
Daniel Reyes;FL9223;Canada;17-11-2023 14:24
Jade Hickman;FL3291;Japan;09-08-2025 9:34
Christopher Moran;FL8797;Japan;16-04-2025 4:20
Kathryn Charles;FL8003;Brazil;27-11-2023 4:19
Victoria Moore;FL2395;Japan;15-02-2025 5:02
Melissa Powell;FL2885;Mexico;12-06-2024 2:55
Janice Gregory;FL5001;India;07-10-2023 7:44
Jamie Davis;FL8224;Germany;15-02-2024 4:54
Karen Frost;FL5251;China;26-09-2023 16:48
Daniel Young;FL4032;Russia;05-08-2025 16:04
Stacey Elliott;FL3916;China;29-11-2023 3:14
Keith Jordan;FL4261;Canada;04-08-2025 11:02
Kimberly Mason;FL7935;India;09-01-2025 14:03
Howard Chan;FL3840;Germany;07-05-2025 0:59
Roger Nelson;FL4922;United States;28-02-2024 10:22
Holly Mckinney;FL8904;Brazil;06-01-2025 21:02
Maria Mcdaniel;FL2733;India;11-07-2024 5:24
Jodi Parker;FL1302;Canada;10-03-2025 14:42
Jacob Delacruz;FL2988;India;18-02-2024 7:05
Jennifer Williams;FL2561;Japan;05-05-2025 0:22
Joel Gibson;FL8553;Canada;24-08-2023 3:22
Kathleen Wheeler;FL3861;Brazil;05-02-2024 17:02
Alyssa Beck;FL1985;China;10-06-2025 20:37
Cassandra Perez;FL3867;Mexico;21-09-2024 1:42
Katherine Wagner;FL3056;China;02-09-2023 16:28
Shannon Brennan;FL3269;China;16-03-2024 18:32
Jeffrey Long;FL1612;Brazil;05-09-2024 23:46
Bonnie Petersen;FL8936;Brazil;18-08-2025 17:29
Abigail Thompson;FL3735;Japan;26-06-2024 23:02
Andrew Woods;FL4609;Russia;02-12-2023 22:49
Denise Robertson;FL2035;Canada;06-11-2023 21:17
David Miller;FL4987;China;27-11-2023 2:12
Desiree Reyes;FL7216;Canada;30-03-2025 23:41
Jesse Taylor;FL3118;Germany;15-09-2023 14:22
Kevin Bartlett;FL9356;China;19-07-2024 3:55
Patricia Berg;FL9490;Russia;09-03-2024 23:27
Jeffrey Ramos;FL7000;Mexico;24-08-2023 0:02
Jennifer Sanchez;FL8732;United States;18-12-2023 12:27
Kevin Gilbert;FL2084;Russia;03-04-2025 0:04
Barbara Rice;FL7318;United States;29-05-2024 22:09
James Mcintosh;FL1285;Canada;02-05-2024 15:31
Thomas Clark;FL1776;Russia;10-07-2024 20:23
Wendy Chapman;FL5712;Russia;26-11-2023 17:42
Jonathan Case;FL1772;Japan;29-09-2023 6:01
Ashley Jones;FL3141;India;18-01-2024 9:58
Ray Klein;FL3251;Russia;11-05-2024 5:08
Jill Lewis;FL9882;India;31-08-2024 8:48
Kevin Glover;FL8566;Canada;16-04-2025 10:17
Kimberly Herrera;FL7549;United States;08-04-2025 4:35
Daniel Rodriguez;FL5259;Argentina;29-09-2024 5:48
Kelsey Pennington;FL1593;China;17-06-2024 22:50
William Wilson;FL2089;Germany;15-07-2025 5:19
Autumn Waller;FL5847;Mexico;28-02-2025 10:21
Kristi Henry;FL6885;China;18-03-2024 13:23
Angelica Jackson;FL2561;Japan;19-07-2024 3:57
Kelsey Morales;FL3520;Brazil;30-07-2024 13:48
Cynthia Smith;FL5483;Canada;11-09-2024 0:09
Jennifer Ellis;FL5009;Russia;06-04-2025 22:31
Alicia Bryant;FL9030;Japan;01-04-2024 13:28
Emily Bell;FL3942;Canada;29-10-2023 8:48
Misty Quinn;FL1257;Canada;13-01-2025 18:07
Jeanne Morgan;FL5411;Brazil;18-06-2025 21:54
Amanda Boyer;FL6490;Russia;31-08-2024 9:28
Brittany Parker;FL5335;Russia;14-04-2024 5:36
Shawn Patel;FL5304;Russia;08-08-2024 3:39
Jennifer Jenkins;FL8119;Brazil;04-02-2025 21:49
Valerie Bennett;FL3584;Mexico;21-05-2024 15:39
Marie Thomas;FL5902;Russia;12-02-2025 8:36
Christopher Jackson;FL7402;China;10-03-2025 17:09
Tara Jones;FL9741;Russia;17-02-2025 14:21
